Symbol,PredRange,Years_Train,Method,Score
ALL,Label_3D,2010-19,Logistic,0.5311063829787234
ALL,Label_3D,2010-19,Naive_Bayes,0.4980851063829787
ALL,Label_3D,2010-19,KNN,0.49859574468085105
ALL,Label_3D,2010-19,Decision Tree,0.4968936170212766
ALL,Label_3D,2010-19,Random Forest,0.5339574468085106
WIPRO,Label_3D,2010-19,Logistic,0.586
WIPRO,Label_3D,2010-19,Naive_Bayes,0.57
WIPRO,Label_3D,2010-19,KNN,0.536
WIPRO,Label_3D,2010-19,Decision Tree,0.486
WIPRO,Label_3D,2010-19,Random Forest,0.53
UPL,Label_3D,2010-19,Logistic,0.554
UPL,Label_3D,2010-19,Naive_Bayes,0.554
UPL,Label_3D,2010-19,KNN,0.484
UPL,Label_3D,2010-19,Decision Tree,0.494
UPL,Label_3D,2010-19,Random Forest,0.552
ULTRACEMCO,Label_3D,2010-19,Logistic,0.534
ULTRACEMCO,Label_3D,2010-19,Naive_Bayes,0.522
ULTRACEMCO,Label_3D,2010-19,KNN,0.472
ULTRACEMCO,Label_3D,2010-19,Decision Tree,0.49
ULTRACEMCO,Label_3D,2010-19,Random Forest,0.51
TITAN,Label_3D,2010-19,Logistic,0.582
TITAN,Label_3D,2010-19,Naive_Bayes,0.562
TITAN,Label_3D,2010-19,KNN,0.502
TITAN,Label_3D,2010-19,Decision Tree,0.462
TITAN,Label_3D,2010-19,Random Forest,0.53
TECHM,Label_3D,2010-19,Logistic,0.608
TECHM,Label_3D,2010-19,Naive_Bayes,0.568
TECHM,Label_3D,2010-19,KNN,0.464
TECHM,Label_3D,2010-19,Decision Tree,0.546
TECHM,Label_3D,2010-19,Random Forest,0.586
TCS,Label_3D,2010-19,Logistic,0.54
TCS,Label_3D,2010-19,Naive_Bayes,0.494
TCS,Label_3D,2010-19,KNN,0.51
TCS,Label_3D,2010-19,Decision Tree,0.504
TCS,Label_3D,2010-19,Random Forest,0.524
TATASTEEL,Label_3D,2010-19,Logistic,0.552
TATASTEEL,Label_3D,2010-19,Naive_Bayes,0.526
TATASTEEL,Label_3D,2010-19,KNN,0.472
TATASTEEL,Label_3D,2010-19,Decision Tree,0.542
TATASTEEL,Label_3D,2010-19,Random Forest,0.554
TATAMOTORS,Label_3D,2010-19,Logistic,0.564
TATAMOTORS,Label_3D,2010-19,Naive_Bayes,0.536
TATAMOTORS,Label_3D,2010-19,KNN,0.514
TATAMOTORS,Label_3D,2010-19,Decision Tree,0.542
TATAMOTORS,Label_3D,2010-19,Random Forest,0.534
SUNPHARMA,Label_3D,2010-19,Logistic,0.474
SUNPHARMA,Label_3D,2010-19,Naive_Bayes,0.482
SUNPHARMA,Label_3D,2010-19,KNN,0.5
SUNPHARMA,Label_3D,2010-19,Decision Tree,0.498
SUNPHARMA,Label_3D,2010-19,Random Forest,0.466
SHREECEM,Label_3D,2010-19,Logistic,0.514
SHREECEM,Label_3D,2010-19,Naive_Bayes,0.502
SHREECEM,Label_3D,2010-19,KNN,0.5
SHREECEM,Label_3D,2010-19,Decision Tree,0.534
SHREECEM,Label_3D,2010-19,Random Forest,0.546
SBIN,Label_3D,2010-19,Logistic,0.538
SBIN,Label_3D,2010-19,Naive_Bayes,0.512
SBIN,Label_3D,2010-19,KNN,0.502
SBIN,Label_3D,2010-19,Decision Tree,0.554
SBIN,Label_3D,2010-19,Random Forest,0.512
RELIANCE,Label_3D,2010-19,Logistic,0.52
RELIANCE,Label_3D,2010-19,Naive_Bayes,0.52
RELIANCE,Label_3D,2010-19,KNN,0.488
RELIANCE,Label_3D,2010-19,Decision Tree,0.478
RELIANCE,Label_3D,2010-19,Random Forest,0.51
POWERGRID,Label_3D,2010-19,Logistic,0.506
POWERGRID,Label_3D,2010-19,Naive_Bayes,0.506
POWERGRID,Label_3D,2010-19,KNN,0.504
POWERGRID,Label_3D,2010-19,Decision Tree,0.474
POWERGRID,Label_3D,2010-19,Random Forest,0.534
ONGC,Label_3D,2010-19,Logistic,0.492
ONGC,Label_3D,2010-19,Naive_Bayes,0.518
ONGC,Label_3D,2010-19,KNN,0.46
ONGC,Label_3D,2010-19,Decision Tree,0.476
ONGC,Label_3D,2010-19,Random Forest,0.54
NTPC,Label_3D,2010-19,Logistic,0.482
NTPC,Label_3D,2010-19,Naive_Bayes,0.498
NTPC,Label_3D,2010-19,KNN,0.554
NTPC,Label_3D,2010-19,Decision Tree,0.486
NTPC,Label_3D,2010-19,Random Forest,0.49
NESTLEIND,Label_3D,2010-19,Logistic,0.522
NESTLEIND,Label_3D,2010-19,Naive_Bayes,0.51
NESTLEIND,Label_3D,2010-19,KNN,0.524
NESTLEIND,Label_3D,2010-19,Decision Tree,0.482
NESTLEIND,Label_3D,2010-19,Random Forest,0.492
MARUTI,Label_3D,2010-19,Logistic,0.516
MARUTI,Label_3D,2010-19,Naive_Bayes,0.516
MARUTI,Label_3D,2010-19,KNN,0.466
MARUTI,Label_3D,2010-19,Decision Tree,0.502
MARUTI,Label_3D,2010-19,Random Forest,0.552
M&M,Label_3D,2010-19,Logistic,0.528
M&M,Label_3D,2010-19,Naive_Bayes,0.486
M&M,Label_3D,2010-19,KNN,0.472
M&M,Label_3D,2010-19,Decision Tree,0.51
M&M,Label_3D,2010-19,Random Forest,0.53
LT,Label_3D,2010-19,Logistic,0.534
LT,Label_3D,2010-19,Naive_Bayes,0.544
LT,Label_3D,2010-19,KNN,0.48
LT,Label_3D,2010-19,Decision Tree,0.462
LT,Label_3D,2010-19,Random Forest,0.5
KOTAKBANK,Label_3D,2010-19,Logistic,0.496
KOTAKBANK,Label_3D,2010-19,Naive_Bayes,0.504
KOTAKBANK,Label_3D,2010-19,KNN,0.51
KOTAKBANK,Label_3D,2010-19,Decision Tree,0.468
KOTAKBANK,Label_3D,2010-19,Random Forest,0.508
JSWSTEEL,Label_3D,2010-19,Logistic,0.564
JSWSTEEL,Label_3D,2010-19,Naive_Bayes,0.564
JSWSTEEL,Label_3D,2010-19,KNN,0.488
JSWSTEEL,Label_3D,2010-19,Decision Tree,0.504
JSWSTEEL,Label_3D,2010-19,Random Forest,0.55
ITC,Label_3D,2010-19,Logistic,0.466
ITC,Label_3D,2010-19,Naive_Bayes,0.52
ITC,Label_3D,2010-19,KNN,0.53
ITC,Label_3D,2010-19,Decision Tree,0.476
ITC,Label_3D,2010-19,Random Forest,0.488
IOC,Label_3D,2010-19,Logistic,0.504
IOC,Label_3D,2010-19,Naive_Bayes,0.472
IOC,Label_3D,2010-19,KNN,0.474
IOC,Label_3D,2010-19,Decision Tree,0.518
IOC,Label_3D,2010-19,Random Forest,0.528
INFY,Label_3D,2010-19,Logistic,0.616
INFY,Label_3D,2010-19,Naive_Bayes,0.52
INFY,Label_3D,2010-19,KNN,0.476
INFY,Label_3D,2010-19,Decision Tree,0.506
INFY,Label_3D,2010-19,Random Forest,0.582
INDUSINDBK,Label_3D,2010-19,Logistic,0.496
INDUSINDBK,Label_3D,2010-19,Naive_Bayes,0.478
INDUSINDBK,Label_3D,2010-19,KNN,0.54
INDUSINDBK,Label_3D,2010-19,Decision Tree,0.522
INDUSINDBK,Label_3D,2010-19,Random Forest,0.484
ICICIBANK,Label_3D,2010-19,Logistic,0.524
ICICIBANK,Label_3D,2010-19,Naive_Bayes,0.514
ICICIBANK,Label_3D,2010-19,KNN,0.512
ICICIBANK,Label_3D,2010-19,Decision Tree,0.486
ICICIBANK,Label_3D,2010-19,Random Forest,0.552
HINDUNILVR,Label_3D,2010-19,Logistic,0.502
HINDUNILVR,Label_3D,2010-19,Naive_Bayes,0.502
HINDUNILVR,Label_3D,2010-19,KNN,0.49
HINDUNILVR,Label_3D,2010-19,Decision Tree,0.548
HINDUNILVR,Label_3D,2010-19,Random Forest,0.534
HINDALCO,Label_3D,2010-19,Logistic,0.554
HINDALCO,Label_3D,2010-19,Naive_Bayes,0.594
HINDALCO,Label_3D,2010-19,KNN,0.506
HINDALCO,Label_3D,2010-19,Decision Tree,0.474
HINDALCO,Label_3D,2010-19,Random Forest,0.524
HEROMOTOCO,Label_3D,2010-19,Logistic,0.498
HEROMOTOCO,Label_3D,2010-19,Naive_Bayes,0.552
HEROMOTOCO,Label_3D,2010-19,KNN,0.526
HEROMOTOCO,Label_3D,2010-19,Decision Tree,0.504
HEROMOTOCO,Label_3D,2010-19,Random Forest,0.524
HDFCBANK,Label_3D,2010-19,Logistic,0.504
HDFCBANK,Label_3D,2010-19,Naive_Bayes,0.494
HDFCBANK,Label_3D,2010-19,KNN,0.504
HDFCBANK,Label_3D,2010-19,Decision Tree,0.47
HDFCBANK,Label_3D,2010-19,Random Forest,0.49
HDFC,Label_3D,2010-19,Logistic,0.51
HDFC,Label_3D,2010-19,Naive_Bayes,0.486
HDFC,Label_3D,2010-19,KNN,0.488
HDFC,Label_3D,2010-19,Decision Tree,0.5
HDFC,Label_3D,2010-19,Random Forest,0.51
HCLTECH,Label_3D,2010-19,Logistic,0.602
HCLTECH,Label_3D,2010-19,Naive_Bayes,0.44
HCLTECH,Label_3D,2010-19,KNN,0.456
HCLTECH,Label_3D,2010-19,Decision Tree,0.548
HCLTECH,Label_3D,2010-19,Random Forest,0.556
GRASIM,Label_3D,2010-19,Logistic,0.57
GRASIM,Label_3D,2010-19,Naive_Bayes,0.448
GRASIM,Label_3D,2010-19,KNN,0.472
GRASIM,Label_3D,2010-19,Decision Tree,0.514
GRASIM,Label_3D,2010-19,Random Forest,0.508
EICHERMOT,Label_3D,2010-19,Logistic,0.528
EICHERMOT,Label_3D,2010-19,Naive_Bayes,0.49
EICHERMOT,Label_3D,2010-19,KNN,0.498
EICHERMOT,Label_3D,2010-19,Decision Tree,0.54
EICHERMOT,Label_3D,2010-19,Random Forest,0.534
DRREDDY,Label_3D,2010-19,Logistic,0.514
DRREDDY,Label_3D,2010-19,Naive_Bayes,0.48
DRREDDY,Label_3D,2010-19,KNN,0.478
DRREDDY,Label_3D,2010-19,Decision Tree,0.532
DRREDDY,Label_3D,2010-19,Random Forest,0.48
DIVISLAB,Label_3D,2010-19,Logistic,0.582
DIVISLAB,Label_3D,2010-19,Naive_Bayes,0.532
DIVISLAB,Label_3D,2010-19,KNN,0.498
DIVISLAB,Label_3D,2010-19,Decision Tree,0.528
DIVISLAB,Label_3D,2010-19,Random Forest,0.484
COALINDIA,Label_3D,2010-19,Logistic,0.474
COALINDIA,Label_3D,2010-19,Naive_Bayes,0.554
COALINDIA,Label_3D,2010-19,KNN,0.51
COALINDIA,Label_3D,2010-19,Decision Tree,0.48
COALINDIA,Label_3D,2010-19,Random Forest,0.48
CIPLA,Label_3D,2010-19,Logistic,0.528
CIPLA,Label_3D,2010-19,Naive_Bayes,0.464
CIPLA,Label_3D,2010-19,KNN,0.462
CIPLA,Label_3D,2010-19,Decision Tree,0.434
CIPLA,Label_3D,2010-19,Random Forest,0.502
BRITANNIA,Label_3D,2010-19,Logistic,0.49
BRITANNIA,Label_3D,2010-19,Naive_Bayes,0.482
BRITANNIA,Label_3D,2010-19,KNN,0.506
BRITANNIA,Label_3D,2010-19,Decision Tree,0.502
BRITANNIA,Label_3D,2010-19,Random Forest,0.494
BPCL,Label_3D,2010-19,Logistic,0.51
BPCL,Label_3D,2010-19,Naive_Bayes,0.51
BPCL,Label_3D,2010-19,KNN,0.444
BPCL,Label_3D,2010-19,Decision Tree,0.552
BPCL,Label_3D,2010-19,Random Forest,0.53
BHARTIARTL,Label_3D,2010-19,Logistic,0.516
BHARTIARTL,Label_3D,2010-19,Naive_Bayes,0.504
BHARTIARTL,Label_3D,2010-19,KNN,0.498
BHARTIARTL,Label_3D,2010-19,Decision Tree,0.516
BHARTIARTL,Label_3D,2010-19,Random Forest,0.502
BAJFINANCE,Label_3D,2010-19,Logistic,0.524
BAJFINANCE,Label_3D,2010-19,Naive_Bayes,0.524
BAJFINANCE,Label_3D,2010-19,KNN,0.512
BAJFINANCE,Label_3D,2010-19,Decision Tree,0.45
BAJFINANCE,Label_3D,2010-19,Random Forest,0.522
BAJAJFINSV,Label_3D,2010-19,Logistic,0.524
BAJAJFINSV,Label_3D,2010-19,Naive_Bayes,0.524
BAJAJFINSV,Label_3D,2010-19,KNN,0.532
BAJAJFINSV,Label_3D,2010-19,Decision Tree,0.486
BAJAJFINSV,Label_3D,2010-19,Random Forest,0.512
BAJAJ-AUTO,Label_3D,2010-19,Logistic,0.514
BAJAJ-AUTO,Label_3D,2010-19,Naive_Bayes,0.46
BAJAJ-AUTO,Label_3D,2010-19,KNN,0.518
BAJAJ-AUTO,Label_3D,2010-19,Decision Tree,0.536
BAJAJ-AUTO,Label_3D,2010-19,Random Forest,0.542
AXISBANK,Label_3D,2010-19,Logistic,0.512
AXISBANK,Label_3D,2010-19,Naive_Bayes,0.502
AXISBANK,Label_3D,2010-19,KNN,0.486
AXISBANK,Label_3D,2010-19,Decision Tree,0.49
AXISBANK,Label_3D,2010-19,Random Forest,0.496
ASIANPAINT,Label_3D,2010-19,Logistic,0.564
ASIANPAINT,Label_3D,2010-19,Naive_Bayes,0.564
ASIANPAINT,Label_3D,2010-19,KNN,0.496
ASIANPAINT,Label_3D,2010-19,Decision Tree,0.572
ASIANPAINT,Label_3D,2010-19,Random Forest,0.55
ADANIPORTS,Label_3D,2010-19,Logistic,0.562
ADANIPORTS,Label_3D,2010-19,Naive_Bayes,0.562
ADANIPORTS,Label_3D,2010-19,KNN,0.504
ADANIPORTS,Label_3D,2010-19,Decision Tree,0.508
ADANIPORTS,Label_3D,2010-19,Random Forest,0.548
ALL,Label_7D,2010-19,Logistic,0.5422127659574468
ALL,Label_7D,2010-19,Naive_Bayes,0.5011489361702127
ALL,Label_7D,2010-19,KNN,0.49753191489361703
ALL,Label_7D,2010-19,Decision Tree,0.5071914893617021
ALL,Label_7D,2010-19,Random Forest,0.5433191489361702
WIPRO,Label_7D,2010-19,Logistic,0.612
WIPRO,Label_7D,2010-19,Naive_Bayes,0.612
WIPRO,Label_7D,2010-19,KNN,0.428
WIPRO,Label_7D,2010-19,Decision Tree,0.464
WIPRO,Label_7D,2010-19,Random Forest,0.506
UPL,Label_7D,2010-19,Logistic,0.536
UPL,Label_7D,2010-19,Naive_Bayes,0.536
UPL,Label_7D,2010-19,KNN,0.528
UPL,Label_7D,2010-19,Decision Tree,0.548
UPL,Label_7D,2010-19,Random Forest,0.578
ULTRACEMCO,Label_7D,2010-19,Logistic,0.572
ULTRACEMCO,Label_7D,2010-19,Naive_Bayes,0.56
ULTRACEMCO,Label_7D,2010-19,KNN,0.472
ULTRACEMCO,Label_7D,2010-19,Decision Tree,0.566
ULTRACEMCO,Label_7D,2010-19,Random Forest,0.506
TITAN,Label_7D,2010-19,Logistic,0.612
TITAN,Label_7D,2010-19,Naive_Bayes,0.562
TITAN,Label_7D,2010-19,KNN,0.528
TITAN,Label_7D,2010-19,Decision Tree,0.452
TITAN,Label_7D,2010-19,Random Forest,0.518
TECHM,Label_7D,2010-19,Logistic,0.642
TECHM,Label_7D,2010-19,Naive_Bayes,0.642
TECHM,Label_7D,2010-19,KNN,0.462
TECHM,Label_7D,2010-19,Decision Tree,0.572
TECHM,Label_7D,2010-19,Random Forest,0.632
TCS,Label_7D,2010-19,Logistic,0.558
TCS,Label_7D,2010-19,Naive_Bayes,0.494
TCS,Label_7D,2010-19,KNN,0.552
TCS,Label_7D,2010-19,Decision Tree,0.564
TCS,Label_7D,2010-19,Random Forest,0.52
TATASTEEL,Label_7D,2010-19,Logistic,0.594
TATASTEEL,Label_7D,2010-19,Naive_Bayes,0.584
TATASTEEL,Label_7D,2010-19,KNN,0.506
TATASTEEL,Label_7D,2010-19,Decision Tree,0.498
TATASTEEL,Label_7D,2010-19,Random Forest,0.506
TATAMOTORS,Label_7D,2010-19,Logistic,0.574
TATAMOTORS,Label_7D,2010-19,Naive_Bayes,0.502
TATAMOTORS,Label_7D,2010-19,KNN,0.522
TATAMOTORS,Label_7D,2010-19,Decision Tree,0.442
TATAMOTORS,Label_7D,2010-19,Random Forest,0.558
SUNPHARMA,Label_7D,2010-19,Logistic,0.476
SUNPHARMA,Label_7D,2010-19,Naive_Bayes,0.466
SUNPHARMA,Label_7D,2010-19,KNN,0.516
SUNPHARMA,Label_7D,2010-19,Decision Tree,0.456
SUNPHARMA,Label_7D,2010-19,Random Forest,0.464
SHREECEM,Label_7D,2010-19,Logistic,0.52
SHREECEM,Label_7D,2010-19,Naive_Bayes,0.478
SHREECEM,Label_7D,2010-19,KNN,0.504
SHREECEM,Label_7D,2010-19,Decision Tree,0.524
SHREECEM,Label_7D,2010-19,Random Forest,0.516
SBIN,Label_7D,2010-19,Logistic,0.46
SBIN,Label_7D,2010-19,Naive_Bayes,0.464
SBIN,Label_7D,2010-19,KNN,0.474
SBIN,Label_7D,2010-19,Decision Tree,0.55
SBIN,Label_7D,2010-19,Random Forest,0.508
RELIANCE,Label_7D,2010-19,Logistic,0.54
RELIANCE,Label_7D,2010-19,Naive_Bayes,0.544
RELIANCE,Label_7D,2010-19,KNN,0.522
RELIANCE,Label_7D,2010-19,Decision Tree,0.54
RELIANCE,Label_7D,2010-19,Random Forest,0.526
POWERGRID,Label_7D,2010-19,Logistic,0.512
POWERGRID,Label_7D,2010-19,Naive_Bayes,0.46
POWERGRID,Label_7D,2010-19,KNN,0.47
POWERGRID,Label_7D,2010-19,Decision Tree,0.536
POWERGRID,Label_7D,2010-19,Random Forest,0.534
ONGC,Label_7D,2010-19,Logistic,0.514
ONGC,Label_7D,2010-19,Naive_Bayes,0.524
ONGC,Label_7D,2010-19,KNN,0.498
ONGC,Label_7D,2010-19,Decision Tree,0.51
ONGC,Label_7D,2010-19,Random Forest,0.514
NTPC,Label_7D,2010-19,Logistic,0.516
NTPC,Label_7D,2010-19,Naive_Bayes,0.504
NTPC,Label_7D,2010-19,KNN,0.506
NTPC,Label_7D,2010-19,Decision Tree,0.528
NTPC,Label_7D,2010-19,Random Forest,0.53
NESTLEIND,Label_7D,2010-19,Logistic,0.536
NESTLEIND,Label_7D,2010-19,Naive_Bayes,0.524
NESTLEIND,Label_7D,2010-19,KNN,0.532
NESTLEIND,Label_7D,2010-19,Decision Tree,0.52
NESTLEIND,Label_7D,2010-19,Random Forest,0.512
MARUTI,Label_7D,2010-19,Logistic,0.488
MARUTI,Label_7D,2010-19,Naive_Bayes,0.444
MARUTI,Label_7D,2010-19,KNN,0.49
MARUTI,Label_7D,2010-19,Decision Tree,0.54
MARUTI,Label_7D,2010-19,Random Forest,0.598
M&M,Label_7D,2010-19,Logistic,0.534
M&M,Label_7D,2010-19,Naive_Bayes,0.508
M&M,Label_7D,2010-19,KNN,0.458
M&M,Label_7D,2010-19,Decision Tree,0.536
M&M,Label_7D,2010-19,Random Forest,0.546
LT,Label_7D,2010-19,Logistic,0.558
LT,Label_7D,2010-19,Naive_Bayes,0.558
LT,Label_7D,2010-19,KNN,0.494
LT,Label_7D,2010-19,Decision Tree,0.546
LT,Label_7D,2010-19,Random Forest,0.504
KOTAKBANK,Label_7D,2010-19,Logistic,0.47
KOTAKBANK,Label_7D,2010-19,Naive_Bayes,0.466
KOTAKBANK,Label_7D,2010-19,KNN,0.516
KOTAKBANK,Label_7D,2010-19,Decision Tree,0.53
KOTAKBANK,Label_7D,2010-19,Random Forest,0.552
JSWSTEEL,Label_7D,2010-19,Logistic,0.604
JSWSTEEL,Label_7D,2010-19,Naive_Bayes,0.582
JSWSTEEL,Label_7D,2010-19,KNN,0.542
JSWSTEEL,Label_7D,2010-19,Decision Tree,0.548
JSWSTEEL,Label_7D,2010-19,Random Forest,0.556
ITC,Label_7D,2010-19,Logistic,0.46
ITC,Label_7D,2010-19,Naive_Bayes,0.466
ITC,Label_7D,2010-19,KNN,0.482
ITC,Label_7D,2010-19,Decision Tree,0.426
ITC,Label_7D,2010-19,Random Forest,0.418
IOC,Label_7D,2010-19,Logistic,0.496
IOC,Label_7D,2010-19,Naive_Bayes,0.48
IOC,Label_7D,2010-19,KNN,0.532
IOC,Label_7D,2010-19,Decision Tree,0.504
IOC,Label_7D,2010-19,Random Forest,0.518
INFY,Label_7D,2010-19,Logistic,0.642
INFY,Label_7D,2010-19,Naive_Bayes,0.538
INFY,Label_7D,2010-19,KNN,0.494
INFY,Label_7D,2010-19,Decision Tree,0.522
INFY,Label_7D,2010-19,Random Forest,0.64
INDUSINDBK,Label_7D,2010-19,Logistic,0.526
INDUSINDBK,Label_7D,2010-19,Naive_Bayes,0.48
INDUSINDBK,Label_7D,2010-19,KNN,0.538
INDUSINDBK,Label_7D,2010-19,Decision Tree,0.55
INDUSINDBK,Label_7D,2010-19,Random Forest,0.524
ICICIBANK,Label_7D,2010-19,Logistic,0.53
ICICIBANK,Label_7D,2010-19,Naive_Bayes,0.53
ICICIBANK,Label_7D,2010-19,KNN,0.508
ICICIBANK,Label_7D,2010-19,Decision Tree,0.482
ICICIBANK,Label_7D,2010-19,Random Forest,0.542
HINDUNILVR,Label_7D,2010-19,Logistic,0.49
HINDUNILVR,Label_7D,2010-19,Naive_Bayes,0.49
HINDUNILVR,Label_7D,2010-19,KNN,0.47
HINDUNILVR,Label_7D,2010-19,Decision Tree,0.498
HINDUNILVR,Label_7D,2010-19,Random Forest,0.512
HINDALCO,Label_7D,2010-19,Logistic,0.558
HINDALCO,Label_7D,2010-19,Naive_Bayes,0.572
HINDALCO,Label_7D,2010-19,KNN,0.5
HINDALCO,Label_7D,2010-19,Decision Tree,0.518
HINDALCO,Label_7D,2010-19,Random Forest,0.542
HEROMOTOCO,Label_7D,2010-19,Logistic,0.508
HEROMOTOCO,Label_7D,2010-19,Naive_Bayes,0.584
HEROMOTOCO,Label_7D,2010-19,KNN,0.516
HEROMOTOCO,Label_7D,2010-19,Decision Tree,0.548
HEROMOTOCO,Label_7D,2010-19,Random Forest,0.562
HDFCBANK,Label_7D,2010-19,Logistic,0.536
HDFCBANK,Label_7D,2010-19,Naive_Bayes,0.484
HDFCBANK,Label_7D,2010-19,KNN,0.468
HDFCBANK,Label_7D,2010-19,Decision Tree,0.508
HDFCBANK,Label_7D,2010-19,Random Forest,0.516
HDFC,Label_7D,2010-19,Logistic,0.512
HDFC,Label_7D,2010-19,Naive_Bayes,0.472
HDFC,Label_7D,2010-19,KNN,0.536
HDFC,Label_7D,2010-19,Decision Tree,0.58
HDFC,Label_7D,2010-19,Random Forest,0.526
HCLTECH,Label_7D,2010-19,Logistic,0.63
HCLTECH,Label_7D,2010-19,Naive_Bayes,0.434
HCLTECH,Label_7D,2010-19,KNN,0.502
HCLTECH,Label_7D,2010-19,Decision Tree,0.528
HCLTECH,Label_7D,2010-19,Random Forest,0.55
GRASIM,Label_7D,2010-19,Logistic,0.582
GRASIM,Label_7D,2010-19,Naive_Bayes,0.448
GRASIM,Label_7D,2010-19,KNN,0.524
GRASIM,Label_7D,2010-19,Decision Tree,0.492
GRASIM,Label_7D,2010-19,Random Forest,0.452
EICHERMOT,Label_7D,2010-19,Logistic,0.51
EICHERMOT,Label_7D,2010-19,Naive_Bayes,0.484
EICHERMOT,Label_7D,2010-19,KNN,0.506
EICHERMOT,Label_7D,2010-19,Decision Tree,0.54
EICHERMOT,Label_7D,2010-19,Random Forest,0.532
DRREDDY,Label_7D,2010-19,Logistic,0.54
DRREDDY,Label_7D,2010-19,Naive_Bayes,0.492
DRREDDY,Label_7D,2010-19,KNN,0.496
DRREDDY,Label_7D,2010-19,Decision Tree,0.474
DRREDDY,Label_7D,2010-19,Random Forest,0.478
DIVISLAB,Label_7D,2010-19,Logistic,0.612
DIVISLAB,Label_7D,2010-19,Naive_Bayes,0.48
DIVISLAB,Label_7D,2010-19,KNN,0.502
DIVISLAB,Label_7D,2010-19,Decision Tree,0.532
DIVISLAB,Label_7D,2010-19,Random Forest,0.542
COALINDIA,Label_7D,2010-19,Logistic,0.432
COALINDIA,Label_7D,2010-19,Naive_Bayes,0.542
COALINDIA,Label_7D,2010-19,KNN,0.534
COALINDIA,Label_7D,2010-19,Decision Tree,0.484
COALINDIA,Label_7D,2010-19,Random Forest,0.444
CIPLA,Label_7D,2010-19,Logistic,0.534
CIPLA,Label_7D,2010-19,Naive_Bayes,0.446
CIPLA,Label_7D,2010-19,KNN,0.464
CIPLA,Label_7D,2010-19,Decision Tree,0.492
CIPLA,Label_7D,2010-19,Random Forest,0.468
BRITANNIA,Label_7D,2010-19,Logistic,0.516
BRITANNIA,Label_7D,2010-19,Naive_Bayes,0.516
BRITANNIA,Label_7D,2010-19,KNN,0.488
BRITANNIA,Label_7D,2010-19,Decision Tree,0.498
BRITANNIA,Label_7D,2010-19,Random Forest,0.544
BPCL,Label_7D,2010-19,Logistic,0.504
BPCL,Label_7D,2010-19,Naive_Bayes,0.51
BPCL,Label_7D,2010-19,KNN,0.514
BPCL,Label_7D,2010-19,Decision Tree,0.5
BPCL,Label_7D,2010-19,Random Forest,0.518
BHARTIARTL,Label_7D,2010-19,Logistic,0.526
BHARTIARTL,Label_7D,2010-19,Naive_Bayes,0.524
BHARTIARTL,Label_7D,2010-19,KNN,0.464
BHARTIARTL,Label_7D,2010-19,Decision Tree,0.472
BHARTIARTL,Label_7D,2010-19,Random Forest,0.524
BAJFINANCE,Label_7D,2010-19,Logistic,0.56
BAJFINANCE,Label_7D,2010-19,Naive_Bayes,0.56
BAJFINANCE,Label_7D,2010-19,KNN,0.57
BAJFINANCE,Label_7D,2010-19,Decision Tree,0.594
BAJFINANCE,Label_7D,2010-19,Random Forest,0.56
BAJAJFINSV,Label_7D,2010-19,Logistic,0.56
BAJAJFINSV,Label_7D,2010-19,Naive_Bayes,0.56
BAJAJFINSV,Label_7D,2010-19,KNN,0.53
BAJAJFINSV,Label_7D,2010-19,Decision Tree,0.504
BAJAJFINSV,Label_7D,2010-19,Random Forest,0.556
BAJAJ-AUTO,Label_7D,2010-19,Logistic,0.506
BAJAJ-AUTO,Label_7D,2010-19,Naive_Bayes,0.44
BAJAJ-AUTO,Label_7D,2010-19,KNN,0.524
BAJAJ-AUTO,Label_7D,2010-19,Decision Tree,0.562
BAJAJ-AUTO,Label_7D,2010-19,Random Forest,0.584
AXISBANK,Label_7D,2010-19,Logistic,0.532
AXISBANK,Label_7D,2010-19,Naive_Bayes,0.532
AXISBANK,Label_7D,2010-19,KNN,0.49
AXISBANK,Label_7D,2010-19,Decision Tree,0.526
AXISBANK,Label_7D,2010-19,Random Forest,0.532
ASIANPAINT,Label_7D,2010-19,Logistic,0.602
ASIANPAINT,Label_7D,2010-19,Naive_Bayes,0.602
ASIANPAINT,Label_7D,2010-19,KNN,0.524
ASIANPAINT,Label_7D,2010-19,Decision Tree,0.446
ASIANPAINT,Label_7D,2010-19,Random Forest,0.586
ADANIPORTS,Label_7D,2010-19,Logistic,0.576
ADANIPORTS,Label_7D,2010-19,Naive_Bayes,0.576
ADANIPORTS,Label_7D,2010-19,KNN,0.52
ADANIPORTS,Label_7D,2010-19,Decision Tree,0.452
ADANIPORTS,Label_7D,2010-19,Random Forest,0.474
ALL,Label_30D,2010-19,Logistic,0.5928085106382979
ALL,Label_30D,2010-19,Naive_Bayes,0.5680425531914893
ALL,Label_30D,2010-19,KNN,0.5099574468085106
ALL,Label_30D,2010-19,Decision Tree,0.5038297872340426
ALL,Label_30D,2010-19,Random Forest,0.5728936170212766
WIPRO,Label_30D,2010-19,Logistic,0.308
WIPRO,Label_30D,2010-19,Naive_Bayes,0.298
WIPRO,Label_30D,2010-19,KNN,0.436
WIPRO,Label_30D,2010-19,Decision Tree,0.402
WIPRO,Label_30D,2010-19,Random Forest,0.43
UPL,Label_30D,2010-19,Logistic,0.566
UPL,Label_30D,2010-19,Naive_Bayes,0.43
UPL,Label_30D,2010-19,KNN,0.478
UPL,Label_30D,2010-19,Decision Tree,0.484
UPL,Label_30D,2010-19,Random Forest,0.666
ULTRACEMCO,Label_30D,2010-19,Logistic,0.666
ULTRACEMCO,Label_30D,2010-19,Naive_Bayes,0.416
ULTRACEMCO,Label_30D,2010-19,KNN,0.444
ULTRACEMCO,Label_30D,2010-19,Decision Tree,0.438
ULTRACEMCO,Label_30D,2010-19,Random Forest,0.518
TITAN,Label_30D,2010-19,Logistic,0.666
TITAN,Label_30D,2010-19,Naive_Bayes,0.654
TITAN,Label_30D,2010-19,KNN,0.558
TITAN,Label_30D,2010-19,Decision Tree,0.524
TITAN,Label_30D,2010-19,Random Forest,0.452
TECHM,Label_30D,2010-19,Logistic,0.74
TECHM,Label_30D,2010-19,Naive_Bayes,0.564
TECHM,Label_30D,2010-19,KNN,0.52
TECHM,Label_30D,2010-19,Decision Tree,0.402
TECHM,Label_30D,2010-19,Random Forest,0.684
TCS,Label_30D,2010-19,Logistic,0.626
TCS,Label_30D,2010-19,Naive_Bayes,0.64
TCS,Label_30D,2010-19,KNN,0.592
TCS,Label_30D,2010-19,Decision Tree,0.622
TCS,Label_30D,2010-19,Random Forest,0.52
TATASTEEL,Label_30D,2010-19,Logistic,0.37
TATASTEEL,Label_30D,2010-19,Naive_Bayes,0.542
TATASTEEL,Label_30D,2010-19,KNN,0.468
TATASTEEL,Label_30D,2010-19,Decision Tree,0.47
TATASTEEL,Label_30D,2010-19,Random Forest,0.488
TATAMOTORS,Label_30D,2010-19,Logistic,0.658
TATAMOTORS,Label_30D,2010-19,Naive_Bayes,0.54
TATAMOTORS,Label_30D,2010-19,KNN,0.476
TATAMOTORS,Label_30D,2010-19,Decision Tree,0.518
TATAMOTORS,Label_30D,2010-19,Random Forest,0.466
SUNPHARMA,Label_30D,2010-19,Logistic,0.368
SUNPHARMA,Label_30D,2010-19,Naive_Bayes,0.59
SUNPHARMA,Label_30D,2010-19,KNN,0.428
SUNPHARMA,Label_30D,2010-19,Decision Tree,0.48
SUNPHARMA,Label_30D,2010-19,Random Forest,0.494
SHREECEM,Label_30D,2010-19,Logistic,0.518
SHREECEM,Label_30D,2010-19,Naive_Bayes,0.518
SHREECEM,Label_30D,2010-19,KNN,0.468
SHREECEM,Label_30D,2010-19,Decision Tree,0.584
SHREECEM,Label_30D,2010-19,Random Forest,0.534
SBIN,Label_30D,2010-19,Logistic,0.622
SBIN,Label_30D,2010-19,Naive_Bayes,0.476
SBIN,Label_30D,2010-19,KNN,0.438
SBIN,Label_30D,2010-19,Decision Tree,0.54
SBIN,Label_30D,2010-19,Random Forest,0.532
RELIANCE,Label_30D,2010-19,Logistic,0.536
RELIANCE,Label_30D,2010-19,Naive_Bayes,0.536
RELIANCE,Label_30D,2010-19,KNN,0.538
RELIANCE,Label_30D,2010-19,Decision Tree,0.54
RELIANCE,Label_30D,2010-19,Random Forest,0.504
POWERGRID,Label_30D,2010-19,Logistic,0.386
POWERGRID,Label_30D,2010-19,Naive_Bayes,0.484
POWERGRID,Label_30D,2010-19,KNN,0.434
POWERGRID,Label_30D,2010-19,Decision Tree,0.494
POWERGRID,Label_30D,2010-19,Random Forest,0.526
ONGC,Label_30D,2010-19,Logistic,0.484
ONGC,Label_30D,2010-19,Naive_Bayes,0.47
ONGC,Label_30D,2010-19,KNN,0.498
ONGC,Label_30D,2010-19,Decision Tree,0.534
ONGC,Label_30D,2010-19,Random Forest,0.602
NTPC,Label_30D,2010-19,Logistic,0.434
NTPC,Label_30D,2010-19,Naive_Bayes,0.434
NTPC,Label_30D,2010-19,KNN,0.452
NTPC,Label_30D,2010-19,Decision Tree,0.562
NTPC,Label_30D,2010-19,Random Forest,0.506
NESTLEIND,Label_30D,2010-19,Logistic,0.54
NESTLEIND,Label_30D,2010-19,Naive_Bayes,0.54
NESTLEIND,Label_30D,2010-19,KNN,0.544
NESTLEIND,Label_30D,2010-19,Decision Tree,0.462
NESTLEIND,Label_30D,2010-19,Random Forest,0.54
MARUTI,Label_30D,2010-19,Logistic,0.516
MARUTI,Label_30D,2010-19,Naive_Bayes,0.424
MARUTI,Label_30D,2010-19,KNN,0.488
MARUTI,Label_30D,2010-19,Decision Tree,0.716
MARUTI,Label_30D,2010-19,Random Forest,0.618
M&M,Label_30D,2010-19,Logistic,0.612
M&M,Label_30D,2010-19,Naive_Bayes,0.44
M&M,Label_30D,2010-19,KNN,0.432
M&M,Label_30D,2010-19,Decision Tree,0.386
M&M,Label_30D,2010-19,Random Forest,0.472
LT,Label_30D,2010-19,Logistic,0.628
LT,Label_30D,2010-19,Naive_Bayes,0.492
LT,Label_30D,2010-19,KNN,0.47
LT,Label_30D,2010-19,Decision Tree,0.59
LT,Label_30D,2010-19,Random Forest,0.524
KOTAKBANK,Label_30D,2010-19,Logistic,0.458
KOTAKBANK,Label_30D,2010-19,Naive_Bayes,0.468
KOTAKBANK,Label_30D,2010-19,KNN,0.484
KOTAKBANK,Label_30D,2010-19,Decision Tree,0.578
KOTAKBANK,Label_30D,2010-19,Random Forest,0.586
JSWSTEEL,Label_30D,2010-19,Logistic,0.696
JSWSTEEL,Label_30D,2010-19,Naive_Bayes,0.556
JSWSTEEL,Label_30D,2010-19,KNN,0.476
JSWSTEEL,Label_30D,2010-19,Decision Tree,0.45
JSWSTEEL,Label_30D,2010-19,Random Forest,0.444
ITC,Label_30D,2010-19,Logistic,0.554
ITC,Label_30D,2010-19,Naive_Bayes,0.556
ITC,Label_30D,2010-19,KNN,0.466
ITC,Label_30D,2010-19,Decision Tree,0.572
ITC,Label_30D,2010-19,Random Forest,0.448
IOC,Label_30D,2010-19,Logistic,0.474
IOC,Label_30D,2010-19,Naive_Bayes,0.584
IOC,Label_30D,2010-19,KNN,0.472
IOC,Label_30D,2010-19,Decision Tree,0.448
IOC,Label_30D,2010-19,Random Forest,0.464
INFY,Label_30D,2010-19,Logistic,0.724
INFY,Label_30D,2010-19,Naive_Bayes,0.724
INFY,Label_30D,2010-19,KNN,0.578
INFY,Label_30D,2010-19,Decision Tree,0.528
INFY,Label_30D,2010-19,Random Forest,0.714
INDUSINDBK,Label_30D,2010-19,Logistic,0.622
INDUSINDBK,Label_30D,2010-19,Naive_Bayes,0.43
INDUSINDBK,Label_30D,2010-19,KNN,0.476
INDUSINDBK,Label_30D,2010-19,Decision Tree,0.488
INDUSINDBK,Label_30D,2010-19,Random Forest,0.634
ICICIBANK,Label_30D,2010-19,Logistic,0.632
ICICIBANK,Label_30D,2010-19,Naive_Bayes,0.552
ICICIBANK,Label_30D,2010-19,KNN,0.546
ICICIBANK,Label_30D,2010-19,Decision Tree,0.502
ICICIBANK,Label_30D,2010-19,Random Forest,0.58
HINDUNILVR,Label_30D,2010-19,Logistic,0.508
HINDUNILVR,Label_30D,2010-19,Naive_Bayes,0.508
HINDUNILVR,Label_30D,2010-19,KNN,0.464
HINDUNILVR,Label_30D,2010-19,Decision Tree,0.506
HINDUNILVR,Label_30D,2010-19,Random Forest,0.55
HINDALCO,Label_30D,2010-19,Logistic,0.656
HINDALCO,Label_30D,2010-19,Naive_Bayes,0.534
HINDALCO,Label_30D,2010-19,KNN,0.472
HINDALCO,Label_30D,2010-19,Decision Tree,0.494
HINDALCO,Label_30D,2010-19,Random Forest,0.526
HEROMOTOCO,Label_30D,2010-19,Logistic,0.492
HEROMOTOCO,Label_30D,2010-19,Naive_Bayes,0.492
HEROMOTOCO,Label_30D,2010-19,KNN,0.536
HEROMOTOCO,Label_30D,2010-19,Decision Tree,0.534
HEROMOTOCO,Label_30D,2010-19,Random Forest,0.51
HDFCBANK,Label_30D,2010-19,Logistic,0.618
HDFCBANK,Label_30D,2010-19,Naive_Bayes,0.368
HDFCBANK,Label_30D,2010-19,KNN,0.54
HDFCBANK,Label_30D,2010-19,Decision Tree,0.598
HDFCBANK,Label_30D,2010-19,Random Forest,0.618
HDFC,Label_30D,2010-19,Logistic,0.532
HDFC,Label_30D,2010-19,Naive_Bayes,0.49
HDFC,Label_30D,2010-19,KNN,0.518
HDFC,Label_30D,2010-19,Decision Tree,0.676
HDFC,Label_30D,2010-19,Random Forest,0.518
HCLTECH,Label_30D,2010-19,Logistic,0.716
HCLTECH,Label_30D,2010-19,Naive_Bayes,0.394
HCLTECH,Label_30D,2010-19,KNN,0.452
HCLTECH,Label_30D,2010-19,Decision Tree,0.66
HCLTECH,Label_30D,2010-19,Random Forest,0.682
GRASIM,Label_30D,2010-19,Logistic,0.704
GRASIM,Label_30D,2010-19,Naive_Bayes,0.586
GRASIM,Label_30D,2010-19,KNN,0.432
GRASIM,Label_30D,2010-19,Decision Tree,0.396
GRASIM,Label_30D,2010-19,Random Forest,0.456
EICHERMOT,Label_30D,2010-19,Logistic,0.508
EICHERMOT,Label_30D,2010-19,Naive_Bayes,0.534
EICHERMOT,Label_30D,2010-19,KNN,0.506
EICHERMOT,Label_30D,2010-19,Decision Tree,0.542
EICHERMOT,Label_30D,2010-19,Random Forest,0.568
DRREDDY,Label_30D,2010-19,Logistic,0.562
DRREDDY,Label_30D,2010-19,Naive_Bayes,0.366
DRREDDY,Label_30D,2010-19,KNN,0.492
DRREDDY,Label_30D,2010-19,Decision Tree,0.454
DRREDDY,Label_30D,2010-19,Random Forest,0.452
DIVISLAB,Label_30D,2010-19,Logistic,0.61
DIVISLAB,Label_30D,2010-19,Naive_Bayes,0.61
DIVISLAB,Label_30D,2010-19,KNN,0.578
DIVISLAB,Label_30D,2010-19,Decision Tree,0.504
DIVISLAB,Label_30D,2010-19,Random Forest,0.466
COALINDIA,Label_30D,2010-19,Logistic,0.528
COALINDIA,Label_30D,2010-19,Naive_Bayes,0.484
COALINDIA,Label_30D,2010-19,KNN,0.526
COALINDIA,Label_30D,2010-19,Decision Tree,0.494
COALINDIA,Label_30D,2010-19,Random Forest,0.466
CIPLA,Label_30D,2010-19,Logistic,0.58
CIPLA,Label_30D,2010-19,Naive_Bayes,0.312
CIPLA,Label_30D,2010-19,KNN,0.478
CIPLA,Label_30D,2010-19,Decision Tree,0.502
CIPLA,Label_30D,2010-19,Random Forest,0.432
BRITANNIA,Label_30D,2010-19,Logistic,0.434
BRITANNIA,Label_30D,2010-19,Naive_Bayes,0.436
BRITANNIA,Label_30D,2010-19,KNN,0.56
BRITANNIA,Label_30D,2010-19,Decision Tree,0.556
BRITANNIA,Label_30D,2010-19,Random Forest,0.616
BPCL,Label_30D,2010-19,Logistic,0.518
BPCL,Label_30D,2010-19,Naive_Bayes,0.46
BPCL,Label_30D,2010-19,KNN,0.482
BPCL,Label_30D,2010-19,Decision Tree,0.564
BPCL,Label_30D,2010-19,Random Forest,0.552
BHARTIARTL,Label_30D,2010-19,Logistic,0.548
BHARTIARTL,Label_30D,2010-19,Naive_Bayes,0.538
BHARTIARTL,Label_30D,2010-19,KNN,0.472
BHARTIARTL,Label_30D,2010-19,Decision Tree,0.48
BHARTIARTL,Label_30D,2010-19,Random Forest,0.592
BAJFINANCE,Label_30D,2010-19,Logistic,0.624
BAJFINANCE,Label_30D,2010-19,Naive_Bayes,0.624
BAJFINANCE,Label_30D,2010-19,KNN,0.622
BAJFINANCE,Label_30D,2010-19,Decision Tree,0.438
BAJFINANCE,Label_30D,2010-19,Random Forest,0.624
BAJAJFINSV,Label_30D,2010-19,Logistic,0.596
BAJAJFINSV,Label_30D,2010-19,Naive_Bayes,0.596
BAJAJFINSV,Label_30D,2010-19,KNN,0.61
BAJAJFINSV,Label_30D,2010-19,Decision Tree,0.514
BAJAJFINSV,Label_30D,2010-19,Random Forest,0.596
BAJAJ-AUTO,Label_30D,2010-19,Logistic,0.522
BAJAJ-AUTO,Label_30D,2010-19,Naive_Bayes,0.376
BAJAJ-AUTO,Label_30D,2010-19,KNN,0.536
BAJAJ-AUTO,Label_30D,2010-19,Decision Tree,0.564
BAJAJ-AUTO,Label_30D,2010-19,Random Forest,0.634
AXISBANK,Label_30D,2010-19,Logistic,0.626
AXISBANK,Label_30D,2010-19,Naive_Bayes,0.482
AXISBANK,Label_30D,2010-19,KNN,0.532
AXISBANK,Label_30D,2010-19,Decision Tree,0.668
AXISBANK,Label_30D,2010-19,Random Forest,0.646
ASIANPAINT,Label_30D,2010-19,Logistic,0.642
ASIANPAINT,Label_30D,2010-19,Naive_Bayes,0.418
ASIANPAINT,Label_30D,2010-19,KNN,0.516
ASIANPAINT,Label_30D,2010-19,Decision Tree,0.638
ASIANPAINT,Label_30D,2010-19,Random Forest,0.64
ADANIPORTS,Label_30D,2010-19,Logistic,0.638
ADANIPORTS,Label_30D,2010-19,Naive_Bayes,0.638
ADANIPORTS,Label_30D,2010-19,KNN,0.518
ADANIPORTS,Label_30D,2010-19,Decision Tree,0.476
ADANIPORTS,Label_30D,2010-19,Random Forest,0.48
ALL,Label_90D,2010-19,Logistic,0.6732765957446809
ALL,Label_90D,2010-19,Naive_Bayes,0.5236595744680851
ALL,Label_90D,2010-19,KNN,0.482
ALL,Label_90D,2010-19,Decision Tree,0.5002978723404256
ALL,Label_90D,2010-19,Random Forest,0.45778723404255317
WIPRO,Label_90D,2010-19,Logistic,0.266
WIPRO,Label_90D,2010-19,Naive_Bayes,0.266
WIPRO,Label_90D,2010-19,KNN,0.33
WIPRO,Label_90D,2010-19,Decision Tree,0.362
WIPRO,Label_90D,2010-19,Random Forest,0.272
UPL,Label_90D,2010-19,Logistic,0.508
UPL,Label_90D,2010-19,Naive_Bayes,0.364
UPL,Label_90D,2010-19,KNN,0.448
UPL,Label_90D,2010-19,Decision Tree,0.596
UPL,Label_90D,2010-19,Random Forest,0.634
ULTRACEMCO,Label_90D,2010-19,Logistic,0.674
ULTRACEMCO,Label_90D,2010-19,Naive_Bayes,0.364
ULTRACEMCO,Label_90D,2010-19,KNN,0.426
ULTRACEMCO,Label_90D,2010-19,Decision Tree,0.54
ULTRACEMCO,Label_90D,2010-19,Random Forest,0.56
TITAN,Label_90D,2010-19,Logistic,0.684
TITAN,Label_90D,2010-19,Naive_Bayes,0.576
TITAN,Label_90D,2010-19,KNN,0.594
TITAN,Label_90D,2010-19,Decision Tree,0.624
TITAN,Label_90D,2010-19,Random Forest,0.684
TECHM,Label_90D,2010-19,Logistic,0.868
TECHM,Label_90D,2010-19,Naive_Bayes,0.596
TECHM,Label_90D,2010-19,KNN,0.592
TECHM,Label_90D,2010-19,Decision Tree,0.348
TECHM,Label_90D,2010-19,Random Forest,0.872
TCS,Label_90D,2010-19,Logistic,0.72
TCS,Label_90D,2010-19,Naive_Bayes,0.394
TCS,Label_90D,2010-19,KNN,0.386
TCS,Label_90D,2010-19,Decision Tree,0.404
TCS,Label_90D,2010-19,Random Forest,0.356
TATASTEEL,Label_90D,2010-19,Logistic,0.338
TATASTEEL,Label_90D,2010-19,Naive_Bayes,0.39
TATASTEEL,Label_90D,2010-19,KNN,0.382
TATASTEEL,Label_90D,2010-19,Decision Tree,0.532
TATASTEEL,Label_90D,2010-19,Random Forest,0.572
TATAMOTORS,Label_90D,2010-19,Logistic,0.188
TATAMOTORS,Label_90D,2010-19,Naive_Bayes,0.27
TATAMOTORS,Label_90D,2010-19,KNN,0.282
TATAMOTORS,Label_90D,2010-19,Decision Tree,0.47
TATAMOTORS,Label_90D,2010-19,Random Forest,0.506
SUNPHARMA,Label_90D,2010-19,Logistic,0.138
SUNPHARMA,Label_90D,2010-19,Naive_Bayes,0.68
SUNPHARMA,Label_90D,2010-19,KNN,0.262
SUNPHARMA,Label_90D,2010-19,Decision Tree,0.222
SUNPHARMA,Label_90D,2010-19,Random Forest,0.202
SHREECEM,Label_90D,2010-19,Logistic,0.54
SHREECEM,Label_90D,2010-19,Naive_Bayes,0.54
SHREECEM,Label_90D,2010-19,KNN,0.432
SHREECEM,Label_90D,2010-19,Decision Tree,0.554
SHREECEM,Label_90D,2010-19,Random Forest,0.576
SBIN,Label_90D,2010-19,Logistic,0.122
SBIN,Label_90D,2010-19,Naive_Bayes,0.252
SBIN,Label_90D,2010-19,KNN,0.322
SBIN,Label_90D,2010-19,Decision Tree,0.534
SBIN,Label_90D,2010-19,Random Forest,0.508
RELIANCE,Label_90D,2010-19,Logistic,0.594
RELIANCE,Label_90D,2010-19,Naive_Bayes,0.594
RELIANCE,Label_90D,2010-19,KNN,0.542
RELIANCE,Label_90D,2010-19,Decision Tree,0.668
RELIANCE,Label_90D,2010-19,Random Forest,0.464
POWERGRID,Label_90D,2010-19,Logistic,0.678
POWERGRID,Label_90D,2010-19,Naive_Bayes,0.664
POWERGRID,Label_90D,2010-19,KNN,0.5
POWERGRID,Label_90D,2010-19,Decision Tree,0.652
POWERGRID,Label_90D,2010-19,Random Forest,0.6
ONGC,Label_90D,2010-19,Logistic,0.406
ONGC,Label_90D,2010-19,Naive_Bayes,0.406
ONGC,Label_90D,2010-19,KNN,0.422
ONGC,Label_90D,2010-19,Decision Tree,0.72
ONGC,Label_90D,2010-19,Random Forest,0.404
NTPC,Label_90D,2010-19,Logistic,0.23
NTPC,Label_90D,2010-19,Naive_Bayes,0.23
NTPC,Label_90D,2010-19,KNN,0.26
NTPC,Label_90D,2010-19,Decision Tree,0.476
NTPC,Label_90D,2010-19,Random Forest,0.23
NESTLEIND,Label_90D,2010-19,Logistic,0.588
NESTLEIND,Label_90D,2010-19,Naive_Bayes,0.588
NESTLEIND,Label_90D,2010-19,KNN,0.604
NESTLEIND,Label_90D,2010-19,Decision Tree,0.562
NESTLEIND,Label_90D,2010-19,Random Forest,0.588
MARUTI,Label_90D,2010-19,Logistic,0.556
MARUTI,Label_90D,2010-19,Naive_Bayes,0.422
MARUTI,Label_90D,2010-19,KNN,0.494
MARUTI,Label_90D,2010-19,Decision Tree,0.614
MARUTI,Label_90D,2010-19,Random Forest,0.682
M&M,Label_90D,2010-19,Logistic,0.212
M&M,Label_90D,2010-19,Naive_Bayes,0.296
M&M,Label_90D,2010-19,KNN,0.266
M&M,Label_90D,2010-19,Decision Tree,0.266
M&M,Label_90D,2010-19,Random Forest,0.212
LT,Label_90D,2010-19,Logistic,0.35
LT,Label_90D,2010-19,Naive_Bayes,0.448
LT,Label_90D,2010-19,KNN,0.438
LT,Label_90D,2010-19,Decision Tree,0.574
LT,Label_90D,2010-19,Random Forest,0.6
KOTAKBANK,Label_90D,2010-19,Logistic,0.496
KOTAKBANK,Label_90D,2010-19,Naive_Bayes,0.496
KOTAKBANK,Label_90D,2010-19,KNN,0.494
KOTAKBANK,Label_90D,2010-19,Decision Tree,0.616
KOTAKBANK,Label_90D,2010-19,Random Forest,0.624
JSWSTEEL,Label_90D,2010-19,Logistic,0.248
JSWSTEEL,Label_90D,2010-19,Naive_Bayes,0.374
JSWSTEEL,Label_90D,2010-19,KNN,0.364
JSWSTEEL,Label_90D,2010-19,Decision Tree,0.414
JSWSTEEL,Label_90D,2010-19,Random Forest,0.432
ITC,Label_90D,2010-19,Logistic,0.318
ITC,Label_90D,2010-19,Naive_Bayes,0.48
ITC,Label_90D,2010-19,KNN,0.366
ITC,Label_90D,2010-19,Decision Tree,0.24
ITC,Label_90D,2010-19,Random Forest,0.282
IOC,Label_90D,2010-19,Logistic,0.222
IOC,Label_90D,2010-19,Naive_Bayes,0.414
IOC,Label_90D,2010-19,KNN,0.268
IOC,Label_90D,2010-19,Decision Tree,0.552
IOC,Label_90D,2010-19,Random Forest,0.23
INFY,Label_90D,2010-19,Logistic,0.738
INFY,Label_90D,2010-19,Naive_Bayes,0.584
INFY,Label_90D,2010-19,KNN,0.534
INFY,Label_90D,2010-19,Decision Tree,0.452
INFY,Label_90D,2010-19,Random Forest,0.454
INDUSINDBK,Label_90D,2010-19,Logistic,0.738
INDUSINDBK,Label_90D,2010-19,Naive_Bayes,0.336
INDUSINDBK,Label_90D,2010-19,KNN,0.312
INDUSINDBK,Label_90D,2010-19,Decision Tree,0.256
INDUSINDBK,Label_90D,2010-19,Random Forest,0.246
ICICIBANK,Label_90D,2010-19,Logistic,0.694
ICICIBANK,Label_90D,2010-19,Naive_Bayes,0.366
ICICIBANK,Label_90D,2010-19,KNN,0.644
ICICIBANK,Label_90D,2010-19,Decision Tree,0.608
ICICIBANK,Label_90D,2010-19,Random Forest,0.71
HINDUNILVR,Label_90D,2010-19,Logistic,0.566
HINDUNILVR,Label_90D,2010-19,Naive_Bayes,0.522
HINDUNILVR,Label_90D,2010-19,KNN,0.558
HINDUNILVR,Label_90D,2010-19,Decision Tree,0.472
HINDUNILVR,Label_90D,2010-19,Random Forest,0.566
HINDALCO,Label_90D,2010-19,Logistic,0.268
HINDALCO,Label_90D,2010-19,Naive_Bayes,0.536
HINDALCO,Label_90D,2010-19,KNN,0.426
HINDALCO,Label_90D,2010-19,Decision Tree,0.552
HINDALCO,Label_90D,2010-19,Random Forest,0.596
HEROMOTOCO,Label_90D,2010-19,Logistic,0.602
HEROMOTOCO,Label_90D,2010-19,Naive_Bayes,0.36
HEROMOTOCO,Label_90D,2010-19,KNN,0.536
HEROMOTOCO,Label_90D,2010-19,Decision Tree,0.67
HEROMOTOCO,Label_90D,2010-19,Random Forest,0.616
HDFCBANK,Label_90D,2010-19,Logistic,0.778
HDFCBANK,Label_90D,2010-19,Naive_Bayes,0.428
HDFCBANK,Label_90D,2010-19,KNN,0.284
HDFCBANK,Label_90D,2010-19,Decision Tree,0.722
HDFCBANK,Label_90D,2010-19,Random Forest,0.424
HDFC,Label_90D,2010-19,Logistic,0.576
HDFC,Label_90D,2010-19,Naive_Bayes,0.45
HDFC,Label_90D,2010-19,KNN,0.564
HDFC,Label_90D,2010-19,Decision Tree,0.624
HDFC,Label_90D,2010-19,Random Forest,0.584
HCLTECH,Label_90D,2010-19,Logistic,0.87
HCLTECH,Label_90D,2010-19,Naive_Bayes,0.256
HCLTECH,Label_90D,2010-19,KNN,0.324
HCLTECH,Label_90D,2010-19,Decision Tree,0.236
HCLTECH,Label_90D,2010-19,Random Forest,0.406
GRASIM,Label_90D,2010-19,Logistic,0.284
GRASIM,Label_90D,2010-19,Naive_Bayes,0.452
GRASIM,Label_90D,2010-19,KNN,0.422
GRASIM,Label_90D,2010-19,Decision Tree,0.498
GRASIM,Label_90D,2010-19,Random Forest,0.452
EICHERMOT,Label_90D,2010-19,Logistic,0.452
EICHERMOT,Label_90D,2010-19,Naive_Bayes,0.578
EICHERMOT,Label_90D,2010-19,KNN,0.548
EICHERMOT,Label_90D,2010-19,Decision Tree,0.542
EICHERMOT,Label_90D,2010-19,Random Forest,0.55
DRREDDY,Label_90D,2010-19,Logistic,0.52
DRREDDY,Label_90D,2010-19,Naive_Bayes,0.41
DRREDDY,Label_90D,2010-19,KNN,0.496
DRREDDY,Label_90D,2010-19,Decision Tree,0.53
DRREDDY,Label_90D,2010-19,Random Forest,0.5
DIVISLAB,Label_90D,2010-19,Logistic,0.766
DIVISLAB,Label_90D,2010-19,Naive_Bayes,0.766
DIVISLAB,Label_90D,2010-19,KNN,0.66
DIVISLAB,Label_90D,2010-19,Decision Tree,0.372
DIVISLAB,Label_90D,2010-19,Random Forest,0.528
COALINDIA,Label_90D,2010-19,Logistic,0.348
COALINDIA,Label_90D,2010-19,Naive_Bayes,0.39
COALINDIA,Label_90D,2010-19,KNN,0.402
COALINDIA,Label_90D,2010-19,Decision Tree,0.63
COALINDIA,Label_90D,2010-19,Random Forest,0.356
CIPLA,Label_90D,2010-19,Logistic,0.3
CIPLA,Label_90D,2010-19,Naive_Bayes,0.296
CIPLA,Label_90D,2010-19,KNN,0.344
CIPLA,Label_90D,2010-19,Decision Tree,0.514
CIPLA,Label_90D,2010-19,Random Forest,0.426
BRITANNIA,Label_90D,2010-19,Logistic,0.504
BRITANNIA,Label_90D,2010-19,Naive_Bayes,0.448
BRITANNIA,Label_90D,2010-19,KNN,0.516
BRITANNIA,Label_90D,2010-19,Decision Tree,0.32
BRITANNIA,Label_90D,2010-19,Random Forest,0.576
BPCL,Label_90D,2010-19,Logistic,0.392
BPCL,Label_90D,2010-19,Naive_Bayes,0.484
BPCL,Label_90D,2010-19,KNN,0.426
BPCL,Label_90D,2010-19,Decision Tree,0.598
BPCL,Label_90D,2010-19,Random Forest,0.5
BHARTIARTL,Label_90D,2010-19,Logistic,0.576
BHARTIARTL,Label_90D,2010-19,Naive_Bayes,0.588
BHARTIARTL,Label_90D,2010-19,KNN,0.464
BHARTIARTL,Label_90D,2010-19,Decision Tree,0.506
BHARTIARTL,Label_90D,2010-19,Random Forest,0.558
BAJFINANCE,Label_90D,2010-19,Logistic,0.69
BAJFINANCE,Label_90D,2010-19,Naive_Bayes,0.69
BAJFINANCE,Label_90D,2010-19,KNN,0.714
BAJFINANCE,Label_90D,2010-19,Decision Tree,0.692
BAJFINANCE,Label_90D,2010-19,Random Forest,0.824
BAJAJFINSV,Label_90D,2010-19,Logistic,0.694
BAJAJFINSV,Label_90D,2010-19,Naive_Bayes,0.694
BAJAJFINSV,Label_90D,2010-19,KNN,0.71
BAJAJFINSV,Label_90D,2010-19,Decision Tree,0.774
BAJAJFINSV,Label_90D,2010-19,Random Forest,0.676
BAJAJ-AUTO,Label_90D,2010-19,Logistic,0.556
BAJAJ-AUTO,Label_90D,2010-19,Naive_Bayes,0.278
BAJAJ-AUTO,Label_90D,2010-19,KNN,0.434
BAJAJ-AUTO,Label_90D,2010-19,Decision Tree,0.736
BAJAJ-AUTO,Label_90D,2010-19,Random Forest,0.712
AXISBANK,Label_90D,2010-19,Logistic,0.78
AXISBANK,Label_90D,2010-19,Naive_Bayes,0.78
AXISBANK,Label_90D,2010-19,KNN,0.652
AXISBANK,Label_90D,2010-19,Decision Tree,0.67
AXISBANK,Label_90D,2010-19,Random Forest,0.75
ASIANPAINT,Label_90D,2010-19,Logistic,0.698
ASIANPAINT,Label_90D,2010-19,Naive_Bayes,0.698
ASIANPAINT,Label_90D,2010-19,KNN,0.692
ASIANPAINT,Label_90D,2010-19,Decision Tree,0.772
ASIANPAINT,Label_90D,2010-19,Random Forest,0.698
ADANIPORTS,Label_90D,2010-19,Logistic,0.774
ADANIPORTS,Label_90D,2010-19,Naive_Bayes,0.55
ADANIPORTS,Label_90D,2010-19,KNN,0.562
ADANIPORTS,Label_90D,2010-19,Decision Tree,0.5
ADANIPORTS,Label_90D,2010-19,Random Forest,0.49
ALL,Label_3D,2016-19,Logistic,0.5279684282772821
ALL,Label_3D,2016-19,Naive_Bayes,0.5142415923129718
ALL,Label_3D,2016-19,KNN,0.5050617707618394
ALL,Label_3D,2016-19,Decision Tree,0.5032601235415237
ALL,Label_3D,2016-19,Random Forest,0.526595744680851
WIPRO,Label_3D,2016-19,Logistic,0.592741935483871
WIPRO,Label_3D,2016-19,Naive_Bayes,0.5725806451612904
WIPRO,Label_3D,2016-19,KNN,0.5524193548387096
WIPRO,Label_3D,2016-19,Decision Tree,0.4314516129032258
WIPRO,Label_3D,2016-19,Random Forest,0.4637096774193548
UPL,Label_3D,2016-19,Logistic,0.6048387096774194
UPL,Label_3D,2016-19,Naive_Bayes,0.4637096774193548
UPL,Label_3D,2016-19,KNN,0.5564516129032258
UPL,Label_3D,2016-19,Decision Tree,0.5443548387096774
UPL,Label_3D,2016-19,Random Forest,0.6088709677419355
ULTRACEMCO,Label_3D,2016-19,Logistic,0.5161290322580645
ULTRACEMCO,Label_3D,2016-19,Naive_Bayes,0.5887096774193549
ULTRACEMCO,Label_3D,2016-19,KNN,0.43548387096774194
ULTRACEMCO,Label_3D,2016-19,Decision Tree,0.47580645161290325
ULTRACEMCO,Label_3D,2016-19,Random Forest,0.532258064516129
TITAN,Label_3D,2016-19,Logistic,0.5887096774193549
TITAN,Label_3D,2016-19,Naive_Bayes,0.5725806451612904
TITAN,Label_3D,2016-19,KNN,0.5
TITAN,Label_3D,2016-19,Decision Tree,0.5040322580645161
TITAN,Label_3D,2016-19,Random Forest,0.5443548387096774
TECHM,Label_3D,2016-19,Logistic,0.6088709677419355
TECHM,Label_3D,2016-19,Naive_Bayes,0.6088709677419355
TECHM,Label_3D,2016-19,KNN,0.4596774193548387
TECHM,Label_3D,2016-19,Decision Tree,0.5241935483870968
TECHM,Label_3D,2016-19,Random Forest,0.5725806451612904
TCS,Label_3D,2016-19,Logistic,0.5362903225806451
TCS,Label_3D,2016-19,Naive_Bayes,0.47580645161290325
TCS,Label_3D,2016-19,KNN,0.5161290322580645
TCS,Label_3D,2016-19,Decision Tree,0.5282258064516129
TCS,Label_3D,2016-19,Random Forest,0.5120967741935484
TATASTEEL,Label_3D,2016-19,Logistic,0.5120967741935484
TATASTEEL,Label_3D,2016-19,Naive_Bayes,0.5483870967741935
TATASTEEL,Label_3D,2016-19,KNN,0.49193548387096775
TATASTEEL,Label_3D,2016-19,Decision Tree,0.5080645161290323
TATASTEEL,Label_3D,2016-19,Random Forest,0.5
TATAMOTORS,Label_3D,2016-19,Logistic,0.6008064516129032
TATAMOTORS,Label_3D,2016-19,Naive_Bayes,0.5685483870967742
TATAMOTORS,Label_3D,2016-19,KNN,0.4717741935483871
TATAMOTORS,Label_3D,2016-19,Decision Tree,0.4959677419354839
TATAMOTORS,Label_3D,2016-19,Random Forest,0.4637096774193548
SUNPHARMA,Label_3D,2016-19,Logistic,0.4596774193548387
SUNPHARMA,Label_3D,2016-19,Naive_Bayes,0.5040322580645161
SUNPHARMA,Label_3D,2016-19,KNN,0.4959677419354839
SUNPHARMA,Label_3D,2016-19,Decision Tree,0.46774193548387094
SUNPHARMA,Label_3D,2016-19,Random Forest,0.4838709677419355
SHREECEM,Label_3D,2016-19,Logistic,0.4798387096774194
SHREECEM,Label_3D,2016-19,Naive_Bayes,0.47580645161290325
SHREECEM,Label_3D,2016-19,KNN,0.5161290322580645
SHREECEM,Label_3D,2016-19,Decision Tree,0.4798387096774194
SHREECEM,Label_3D,2016-19,Random Forest,0.5201612903225806
SBIN,Label_3D,2016-19,Logistic,0.5443548387096774
SBIN,Label_3D,2016-19,Naive_Bayes,0.5161290322580645
SBIN,Label_3D,2016-19,KNN,0.5040322580645161
SBIN,Label_3D,2016-19,Decision Tree,0.5120967741935484
SBIN,Label_3D,2016-19,Random Forest,0.46774193548387094
RELIANCE,Label_3D,2016-19,Logistic,0.5483870967741935
RELIANCE,Label_3D,2016-19,Naive_Bayes,0.5483870967741935
RELIANCE,Label_3D,2016-19,KNN,0.45161290322580644
RELIANCE,Label_3D,2016-19,Decision Tree,0.5241935483870968
RELIANCE,Label_3D,2016-19,Random Forest,0.5
POWERGRID,Label_3D,2016-19,Logistic,0.5120967741935484
POWERGRID,Label_3D,2016-19,Naive_Bayes,0.4838709677419355
POWERGRID,Label_3D,2016-19,KNN,0.5524193548387096
POWERGRID,Label_3D,2016-19,Decision Tree,0.5282258064516129
POWERGRID,Label_3D,2016-19,Random Forest,0.5241935483870968
ONGC,Label_3D,2016-19,Logistic,0.532258064516129
ONGC,Label_3D,2016-19,Naive_Bayes,0.47580645161290325
ONGC,Label_3D,2016-19,KNN,0.5161290322580645
ONGC,Label_3D,2016-19,Decision Tree,0.4637096774193548
ONGC,Label_3D,2016-19,Random Forest,0.5
NTPC,Label_3D,2016-19,Logistic,0.5161290322580645
NTPC,Label_3D,2016-19,Naive_Bayes,0.592741935483871
NTPC,Label_3D,2016-19,KNN,0.4838709677419355
NTPC,Label_3D,2016-19,Decision Tree,0.5604838709677419
NTPC,Label_3D,2016-19,Random Forest,0.4637096774193548
NESTLEIND,Label_3D,2016-19,Logistic,0.49193548387096775
NESTLEIND,Label_3D,2016-19,Naive_Bayes,0.4959677419354839
NESTLEIND,Label_3D,2016-19,KNN,0.5201612903225806
NESTLEIND,Label_3D,2016-19,Decision Tree,0.5483870967741935
NESTLEIND,Label_3D,2016-19,Random Forest,0.5201612903225806
MARUTI,Label_3D,2016-19,Logistic,0.4717741935483871
MARUTI,Label_3D,2016-19,Naive_Bayes,0.4717741935483871
MARUTI,Label_3D,2016-19,KNN,0.4717741935483871
MARUTI,Label_3D,2016-19,Decision Tree,0.4838709677419355
MARUTI,Label_3D,2016-19,Random Forest,0.5806451612903226
M&M,Label_3D,2016-19,Logistic,0.4959677419354839
M&M,Label_3D,2016-19,Naive_Bayes,0.5241935483870968
M&M,Label_3D,2016-19,KNN,0.5241935483870968
M&M,Label_3D,2016-19,Decision Tree,0.5483870967741935
M&M,Label_3D,2016-19,Random Forest,0.5806451612903226
LT,Label_3D,2016-19,Logistic,0.5604838709677419
LT,Label_3D,2016-19,Naive_Bayes,0.5524193548387096
LT,Label_3D,2016-19,KNN,0.4274193548387097
LT,Label_3D,2016-19,Decision Tree,0.5080645161290323
LT,Label_3D,2016-19,Random Forest,0.47580645161290325
KOTAKBANK,Label_3D,2016-19,Logistic,0.4717741935483871
KOTAKBANK,Label_3D,2016-19,Naive_Bayes,0.4637096774193548
KOTAKBANK,Label_3D,2016-19,KNN,0.5040322580645161
KOTAKBANK,Label_3D,2016-19,Decision Tree,0.5040322580645161
KOTAKBANK,Label_3D,2016-19,Random Forest,0.5483870967741935
JSWSTEEL,Label_3D,2016-19,Logistic,0.5604838709677419
JSWSTEEL,Label_3D,2016-19,Naive_Bayes,0.5564516129032258
JSWSTEEL,Label_3D,2016-19,KNN,0.5685483870967742
JSWSTEEL,Label_3D,2016-19,Decision Tree,0.4717741935483871
JSWSTEEL,Label_3D,2016-19,Random Forest,0.5040322580645161
ITC,Label_3D,2016-19,Logistic,0.5443548387096774
ITC,Label_3D,2016-19,Naive_Bayes,0.4798387096774194
ITC,Label_3D,2016-19,KNN,0.5161290322580645
ITC,Label_3D,2016-19,Decision Tree,0.5201612903225806
ITC,Label_3D,2016-19,Random Forest,0.5080645161290323
IOC,Label_3D,2016-19,Logistic,0.5282258064516129
IOC,Label_3D,2016-19,Naive_Bayes,0.4959677419354839
IOC,Label_3D,2016-19,KNN,0.4879032258064516
IOC,Label_3D,2016-19,Decision Tree,0.5161290322580645
IOC,Label_3D,2016-19,Random Forest,0.5
INFY,Label_3D,2016-19,Logistic,0.5967741935483871
INFY,Label_3D,2016-19,Naive_Bayes,0.592741935483871
INFY,Label_3D,2016-19,KNN,0.4959677419354839
INFY,Label_3D,2016-19,Decision Tree,0.5
INFY,Label_3D,2016-19,Random Forest,0.5201612903225806
INDUSINDBK,Label_3D,2016-19,Logistic,0.5080645161290323
INDUSINDBK,Label_3D,2016-19,Naive_Bayes,0.4879032258064516
INDUSINDBK,Label_3D,2016-19,KNN,0.5362903225806451
INDUSINDBK,Label_3D,2016-19,Decision Tree,0.4798387096774194
INDUSINDBK,Label_3D,2016-19,Random Forest,0.49193548387096775
ICICIBANK,Label_3D,2016-19,Logistic,0.5241935483870968
ICICIBANK,Label_3D,2016-19,Naive_Bayes,0.4959677419354839
ICICIBANK,Label_3D,2016-19,KNN,0.5120967741935484
ICICIBANK,Label_3D,2016-19,Decision Tree,0.4959677419354839
ICICIBANK,Label_3D,2016-19,Random Forest,0.4637096774193548
HINDUNILVR,Label_3D,2016-19,Logistic,0.46774193548387094
HINDUNILVR,Label_3D,2016-19,Naive_Bayes,0.532258064516129
HINDUNILVR,Label_3D,2016-19,KNN,0.5161290322580645
HINDUNILVR,Label_3D,2016-19,Decision Tree,0.5161290322580645
HINDUNILVR,Label_3D,2016-19,Random Forest,0.5443548387096774
HINDALCO,Label_3D,2016-19,Logistic,0.5766129032258065
HINDALCO,Label_3D,2016-19,Naive_Bayes,0.5887096774193549
HINDALCO,Label_3D,2016-19,KNN,0.5362903225806451
HINDALCO,Label_3D,2016-19,Decision Tree,0.5282258064516129
HINDALCO,Label_3D,2016-19,Random Forest,0.4274193548387097
HEROMOTOCO,Label_3D,2016-19,Logistic,0.4475806451612903
HEROMOTOCO,Label_3D,2016-19,Naive_Bayes,0.5645161290322581
HEROMOTOCO,Label_3D,2016-19,KNN,0.4838709677419355
HEROMOTOCO,Label_3D,2016-19,Decision Tree,0.5161290322580645
HEROMOTOCO,Label_3D,2016-19,Random Forest,0.5120967741935484
HDFCBANK,Label_3D,2016-19,Logistic,0.4959677419354839
HDFCBANK,Label_3D,2016-19,Naive_Bayes,0.5040322580645161
HDFCBANK,Label_3D,2016-19,KNN,0.4879032258064516
HDFCBANK,Label_3D,2016-19,Decision Tree,0.46774193548387094
HDFCBANK,Label_3D,2016-19,Random Forest,0.5161290322580645
HDFC,Label_3D,2016-19,Logistic,0.5080645161290323
HDFC,Label_3D,2016-19,Naive_Bayes,0.5080645161290323
HDFC,Label_3D,2016-19,KNN,0.4798387096774194
HDFC,Label_3D,2016-19,Decision Tree,0.5
HDFC,Label_3D,2016-19,Random Forest,0.5080645161290323
HCLTECH,Label_3D,2016-19,Logistic,0.592741935483871
HCLTECH,Label_3D,2016-19,Naive_Bayes,0.5403225806451613
HCLTECH,Label_3D,2016-19,KNN,0.5362903225806451
HCLTECH,Label_3D,2016-19,Decision Tree,0.4798387096774194
HCLTECH,Label_3D,2016-19,Random Forest,0.5564516129032258
GRASIM,Label_3D,2016-19,Logistic,0.5564516129032258
GRASIM,Label_3D,2016-19,Naive_Bayes,0.4717741935483871
GRASIM,Label_3D,2016-19,KNN,0.4717741935483871
GRASIM,Label_3D,2016-19,Decision Tree,0.4717741935483871
GRASIM,Label_3D,2016-19,Random Forest,0.4959677419354839
EICHERMOT,Label_3D,2016-19,Logistic,0.5362903225806451
EICHERMOT,Label_3D,2016-19,Naive_Bayes,0.5201612903225806
EICHERMOT,Label_3D,2016-19,KNN,0.5
EICHERMOT,Label_3D,2016-19,Decision Tree,0.5564516129032258
EICHERMOT,Label_3D,2016-19,Random Forest,0.532258064516129
DRREDDY,Label_3D,2016-19,Logistic,0.5
DRREDDY,Label_3D,2016-19,Naive_Bayes,0.5201612903225806
DRREDDY,Label_3D,2016-19,KNN,0.5403225806451613
DRREDDY,Label_3D,2016-19,Decision Tree,0.5403225806451613
DRREDDY,Label_3D,2016-19,Random Forest,0.532258064516129
DIVISLAB,Label_3D,2016-19,Logistic,0.5403225806451613
DIVISLAB,Label_3D,2016-19,Naive_Bayes,0.5403225806451613
DIVISLAB,Label_3D,2016-19,KNN,0.5483870967741935
DIVISLAB,Label_3D,2016-19,Decision Tree,0.5483870967741935
DIVISLAB,Label_3D,2016-19,Random Forest,0.5282258064516129
COALINDIA,Label_3D,2016-19,Logistic,0.5
COALINDIA,Label_3D,2016-19,Naive_Bayes,0.5362903225806451
COALINDIA,Label_3D,2016-19,KNN,0.5
COALINDIA,Label_3D,2016-19,Decision Tree,0.5362903225806451
COALINDIA,Label_3D,2016-19,Random Forest,0.5362903225806451
CIPLA,Label_3D,2016-19,Logistic,0.5282258064516129
CIPLA,Label_3D,2016-19,Naive_Bayes,0.5201612903225806
CIPLA,Label_3D,2016-19,KNN,0.4798387096774194
CIPLA,Label_3D,2016-19,Decision Tree,0.4596774193548387
CIPLA,Label_3D,2016-19,Random Forest,0.4274193548387097
BRITANNIA,Label_3D,2016-19,Logistic,0.4717741935483871
BRITANNIA,Label_3D,2016-19,Naive_Bayes,0.4596774193548387
BRITANNIA,Label_3D,2016-19,KNN,0.532258064516129
BRITANNIA,Label_3D,2016-19,Decision Tree,0.5403225806451613
BRITANNIA,Label_3D,2016-19,Random Forest,0.5403225806451613
BPCL,Label_3D,2016-19,Logistic,0.5282258064516129
BPCL,Label_3D,2016-19,Naive_Bayes,0.5766129032258065
BPCL,Label_3D,2016-19,KNN,0.4879032258064516
BPCL,Label_3D,2016-19,Decision Tree,0.5604838709677419
BPCL,Label_3D,2016-19,Random Forest,0.5241935483870968
BHARTIARTL,Label_3D,2016-19,Logistic,0.5040322580645161
BHARTIARTL,Label_3D,2016-19,Naive_Bayes,0.5161290322580645
BHARTIARTL,Label_3D,2016-19,KNN,0.40725806451612906
BHARTIARTL,Label_3D,2016-19,Decision Tree,0.5080645161290323
BHARTIARTL,Label_3D,2016-19,Random Forest,0.5161290322580645
BAJFINANCE,Label_3D,2016-19,Logistic,0.49193548387096775
BAJFINANCE,Label_3D,2016-19,Naive_Bayes,0.49193548387096775
BAJFINANCE,Label_3D,2016-19,KNN,0.5
BAJFINANCE,Label_3D,2016-19,Decision Tree,0.5362903225806451
BAJFINANCE,Label_3D,2016-19,Random Forest,0.5362903225806451
BAJAJFINSV,Label_3D,2016-19,Logistic,0.5483870967741935
BAJAJFINSV,Label_3D,2016-19,Naive_Bayes,0.5080645161290323
BAJAJFINSV,Label_3D,2016-19,KNN,0.5161290322580645
BAJAJFINSV,Label_3D,2016-19,Decision Tree,0.4596774193548387
BAJAJFINSV,Label_3D,2016-19,Random Forest,0.4637096774193548
BAJAJ-AUTO,Label_3D,2016-19,Logistic,0.4798387096774194
BAJAJ-AUTO,Label_3D,2016-19,Naive_Bayes,0.45564516129032256
BAJAJ-AUTO,Label_3D,2016-19,KNN,0.5282258064516129
BAJAJ-AUTO,Label_3D,2016-19,Decision Tree,0.5080645161290323
BAJAJ-AUTO,Label_3D,2016-19,Random Forest,0.5604838709677419
AXISBANK,Label_3D,2016-19,Logistic,0.5241935483870968
AXISBANK,Label_3D,2016-19,Naive_Bayes,0.4879032258064516
AXISBANK,Label_3D,2016-19,KNN,0.4959677419354839
AXISBANK,Label_3D,2016-19,Decision Tree,0.5604838709677419
AXISBANK,Label_3D,2016-19,Random Forest,0.5201612903225806
ASIANPAINT,Label_3D,2016-19,Logistic,0.5483870967741935
ASIANPAINT,Label_3D,2016-19,Naive_Bayes,0.5685483870967742
ASIANPAINT,Label_3D,2016-19,KNN,0.5120967741935484
ASIANPAINT,Label_3D,2016-19,Decision Tree,0.5362903225806451
ASIANPAINT,Label_3D,2016-19,Random Forest,0.5483870967741935
ADANIPORTS,Label_3D,2016-19,Logistic,0.5685483870967742
ADANIPORTS,Label_3D,2016-19,Naive_Bayes,0.5645161290322581
ADANIPORTS,Label_3D,2016-19,KNN,0.5604838709677419
ADANIPORTS,Label_3D,2016-19,Decision Tree,0.5040322580645161
ADANIPORTS,Label_3D,2016-19,Random Forest,0.5685483870967742
ALL,Label_7D,2016-19,Logistic,0.5316575154426905
ALL,Label_7D,2016-19,Naive_Bayes,0.5316575154426905
ALL,Label_7D,2016-19,KNN,0.511238846945779
ALL,Label_7D,2016-19,Decision Tree,0.497168840082361
ALL,Label_7D,2016-19,Random Forest,0.5217913520933425
WIPRO,Label_7D,2016-19,Logistic,0.625
WIPRO,Label_7D,2016-19,Naive_Bayes,0.5524193548387096
WIPRO,Label_7D,2016-19,KNN,0.5604838709677419
WIPRO,Label_7D,2016-19,Decision Tree,0.4032258064516129
WIPRO,Label_7D,2016-19,Random Forest,0.532258064516129
UPL,Label_7D,2016-19,Logistic,0.5362903225806451
UPL,Label_7D,2016-19,Naive_Bayes,0.4596774193548387
UPL,Label_7D,2016-19,KNN,0.4838709677419355
UPL,Label_7D,2016-19,Decision Tree,0.5403225806451613
UPL,Label_7D,2016-19,Random Forest,0.5806451612903226
ULTRACEMCO,Label_7D,2016-19,Logistic,0.5362903225806451
ULTRACEMCO,Label_7D,2016-19,Naive_Bayes,0.6209677419354839
ULTRACEMCO,Label_7D,2016-19,KNN,0.4717741935483871
ULTRACEMCO,Label_7D,2016-19,Decision Tree,0.5
ULTRACEMCO,Label_7D,2016-19,Random Forest,0.5766129032258065
TITAN,Label_7D,2016-19,Logistic,0.5685483870967742
TITAN,Label_7D,2016-19,Naive_Bayes,0.5564516129032258
TITAN,Label_7D,2016-19,KNN,0.4959677419354839
TITAN,Label_7D,2016-19,Decision Tree,0.4879032258064516
TITAN,Label_7D,2016-19,Random Forest,0.5685483870967742
TECHM,Label_7D,2016-19,Logistic,0.6169354838709677
TECHM,Label_7D,2016-19,Naive_Bayes,0.6169354838709677
TECHM,Label_7D,2016-19,KNN,0.4637096774193548
TECHM,Label_7D,2016-19,Decision Tree,0.4879032258064516
TECHM,Label_7D,2016-19,Random Forest,0.5443548387096774
TCS,Label_7D,2016-19,Logistic,0.5362903225806451
TCS,Label_7D,2016-19,Naive_Bayes,0.5161290322580645
TCS,Label_7D,2016-19,KNN,0.5282258064516129
TCS,Label_7D,2016-19,Decision Tree,0.4475806451612903
TCS,Label_7D,2016-19,Random Forest,0.47580645161290325
TATASTEEL,Label_7D,2016-19,Logistic,0.5766129032258065
TATASTEEL,Label_7D,2016-19,Naive_Bayes,0.5766129032258065
TATASTEEL,Label_7D,2016-19,KNN,0.5766129032258065
TATASTEEL,Label_7D,2016-19,Decision Tree,0.4475806451612903
TATASTEEL,Label_7D,2016-19,Random Forest,0.4475806451612903
TATAMOTORS,Label_7D,2016-19,Logistic,0.5887096774193549
TATAMOTORS,Label_7D,2016-19,Naive_Bayes,0.5524193548387096
TATAMOTORS,Label_7D,2016-19,KNN,0.5161290322580645
TATAMOTORS,Label_7D,2016-19,Decision Tree,0.43951612903225806
TATAMOTORS,Label_7D,2016-19,Random Forest,0.41935483870967744
SUNPHARMA,Label_7D,2016-19,Logistic,0.5040322580645161
SUNPHARMA,Label_7D,2016-19,Naive_Bayes,0.5282258064516129
SUNPHARMA,Label_7D,2016-19,KNN,0.4596774193548387
SUNPHARMA,Label_7D,2016-19,Decision Tree,0.5282258064516129
SUNPHARMA,Label_7D,2016-19,Random Forest,0.5161290322580645
SHREECEM,Label_7D,2016-19,Logistic,0.46774193548387094
SHREECEM,Label_7D,2016-19,Naive_Bayes,0.46774193548387094
SHREECEM,Label_7D,2016-19,KNN,0.43951612903225806
SHREECEM,Label_7D,2016-19,Decision Tree,0.5564516129032258
SHREECEM,Label_7D,2016-19,Random Forest,0.532258064516129
SBIN,Label_7D,2016-19,Logistic,0.42338709677419356
SBIN,Label_7D,2016-19,Naive_Bayes,0.4596774193548387
SBIN,Label_7D,2016-19,KNN,0.4596774193548387
SBIN,Label_7D,2016-19,Decision Tree,0.5362903225806451
SBIN,Label_7D,2016-19,Random Forest,0.42338709677419356
RELIANCE,Label_7D,2016-19,Logistic,0.5403225806451613
RELIANCE,Label_7D,2016-19,Naive_Bayes,0.5403225806451613
RELIANCE,Label_7D,2016-19,KNN,0.5040322580645161
RELIANCE,Label_7D,2016-19,Decision Tree,0.532258064516129
RELIANCE,Label_7D,2016-19,Random Forest,0.5
POWERGRID,Label_7D,2016-19,Logistic,0.4637096774193548
POWERGRID,Label_7D,2016-19,Naive_Bayes,0.5725806451612904
POWERGRID,Label_7D,2016-19,KNN,0.5
POWERGRID,Label_7D,2016-19,Decision Tree,0.5766129032258065
POWERGRID,Label_7D,2016-19,Random Forest,0.5645161290322581
ONGC,Label_7D,2016-19,Logistic,0.5282258064516129
ONGC,Label_7D,2016-19,Naive_Bayes,0.47580645161290325
ONGC,Label_7D,2016-19,KNN,0.5282258064516129
ONGC,Label_7D,2016-19,Decision Tree,0.4314516129032258
ONGC,Label_7D,2016-19,Random Forest,0.45161290322580644
NTPC,Label_7D,2016-19,Logistic,0.4798387096774194
NTPC,Label_7D,2016-19,Naive_Bayes,0.5524193548387096
NTPC,Label_7D,2016-19,KNN,0.4959677419354839
NTPC,Label_7D,2016-19,Decision Tree,0.4798387096774194
NTPC,Label_7D,2016-19,Random Forest,0.47580645161290325
NESTLEIND,Label_7D,2016-19,Logistic,0.5201612903225806
NESTLEIND,Label_7D,2016-19,Naive_Bayes,0.5161290322580645
NESTLEIND,Label_7D,2016-19,KNN,0.46774193548387094
NESTLEIND,Label_7D,2016-19,Decision Tree,0.46774193548387094
NESTLEIND,Label_7D,2016-19,Random Forest,0.4959677419354839
MARUTI,Label_7D,2016-19,Logistic,0.4475806451612903
MARUTI,Label_7D,2016-19,Naive_Bayes,0.4475806451612903
MARUTI,Label_7D,2016-19,KNN,0.47580645161290325
MARUTI,Label_7D,2016-19,Decision Tree,0.6088709677419355
MARUTI,Label_7D,2016-19,Random Forest,0.6411290322580645
M&M,Label_7D,2016-19,Logistic,0.4717741935483871
M&M,Label_7D,2016-19,Naive_Bayes,0.4798387096774194
M&M,Label_7D,2016-19,KNN,0.532258064516129
M&M,Label_7D,2016-19,Decision Tree,0.5201612903225806
M&M,Label_7D,2016-19,Random Forest,0.5443548387096774
LT,Label_7D,2016-19,Logistic,0.6129032258064516
LT,Label_7D,2016-19,Naive_Bayes,0.47580645161290325
LT,Label_7D,2016-19,KNN,0.5080645161290323
LT,Label_7D,2016-19,Decision Tree,0.46774193548387094
LT,Label_7D,2016-19,Random Forest,0.4112903225806452
KOTAKBANK,Label_7D,2016-19,Logistic,0.4032258064516129
KOTAKBANK,Label_7D,2016-19,Naive_Bayes,0.4112903225806452
KOTAKBANK,Label_7D,2016-19,KNN,0.4637096774193548
KOTAKBANK,Label_7D,2016-19,Decision Tree,0.592741935483871
KOTAKBANK,Label_7D,2016-19,Random Forest,0.5120967741935484
JSWSTEEL,Label_7D,2016-19,Logistic,0.5806451612903226
JSWSTEEL,Label_7D,2016-19,Naive_Bayes,0.5806451612903226
JSWSTEEL,Label_7D,2016-19,KNN,0.6169354838709677
JSWSTEEL,Label_7D,2016-19,Decision Tree,0.4112903225806452
JSWSTEEL,Label_7D,2016-19,Random Forest,0.5685483870967742
ITC,Label_7D,2016-19,Logistic,0.5
ITC,Label_7D,2016-19,Naive_Bayes,0.43548387096774194
ITC,Label_7D,2016-19,KNN,0.4959677419354839
ITC,Label_7D,2016-19,Decision Tree,0.5201612903225806
ITC,Label_7D,2016-19,Random Forest,0.46774193548387094
IOC,Label_7D,2016-19,Logistic,0.45564516129032256
IOC,Label_7D,2016-19,Naive_Bayes,0.5201612903225806
IOC,Label_7D,2016-19,KNN,0.5080645161290323
IOC,Label_7D,2016-19,Decision Tree,0.4717741935483871
IOC,Label_7D,2016-19,Random Forest,0.45564516129032256
INFY,Label_7D,2016-19,Logistic,0.6048387096774194
INFY,Label_7D,2016-19,Naive_Bayes,0.6048387096774194
INFY,Label_7D,2016-19,KNN,0.5483870967741935
INFY,Label_7D,2016-19,Decision Tree,0.5443548387096774
INFY,Label_7D,2016-19,Random Forest,0.6008064516129032
INDUSINDBK,Label_7D,2016-19,Logistic,0.5282258064516129
INDUSINDBK,Label_7D,2016-19,Naive_Bayes,0.5161290322580645
INDUSINDBK,Label_7D,2016-19,KNN,0.5443548387096774
INDUSINDBK,Label_7D,2016-19,Decision Tree,0.532258064516129
INDUSINDBK,Label_7D,2016-19,Random Forest,0.5201612903225806
ICICIBANK,Label_7D,2016-19,Logistic,0.5040322580645161
ICICIBANK,Label_7D,2016-19,Naive_Bayes,0.49193548387096775
ICICIBANK,Label_7D,2016-19,KNN,0.4798387096774194
ICICIBANK,Label_7D,2016-19,Decision Tree,0.45564516129032256
ICICIBANK,Label_7D,2016-19,Random Forest,0.4717741935483871
HINDUNILVR,Label_7D,2016-19,Logistic,0.4435483870967742
HINDUNILVR,Label_7D,2016-19,Naive_Bayes,0.5564516129032258
HINDUNILVR,Label_7D,2016-19,KNN,0.5362903225806451
HINDUNILVR,Label_7D,2016-19,Decision Tree,0.4959677419354839
HINDUNILVR,Label_7D,2016-19,Random Forest,0.5564516129032258
HINDALCO,Label_7D,2016-19,Logistic,0.5685483870967742
HINDALCO,Label_7D,2016-19,Naive_Bayes,0.5685483870967742
HINDALCO,Label_7D,2016-19,KNN,0.4838709677419355
HINDALCO,Label_7D,2016-19,Decision Tree,0.4274193548387097
HINDALCO,Label_7D,2016-19,Random Forest,0.4475806451612903
HEROMOTOCO,Label_7D,2016-19,Logistic,0.4475806451612903
HEROMOTOCO,Label_7D,2016-19,Naive_Bayes,0.5766129032258065
HEROMOTOCO,Label_7D,2016-19,KNN,0.4798387096774194
HEROMOTOCO,Label_7D,2016-19,Decision Tree,0.5524193548387096
HEROMOTOCO,Label_7D,2016-19,Random Forest,0.5725806451612904
HDFCBANK,Label_7D,2016-19,Logistic,0.5201612903225806
HDFCBANK,Label_7D,2016-19,Naive_Bayes,0.5161290322580645
HDFCBANK,Label_7D,2016-19,KNN,0.4798387096774194
HDFCBANK,Label_7D,2016-19,Decision Tree,0.4435483870967742
HDFCBANK,Label_7D,2016-19,Random Forest,0.4959677419354839
HDFC,Label_7D,2016-19,Logistic,0.47580645161290325
HDFC,Label_7D,2016-19,Naive_Bayes,0.47580645161290325
HDFC,Label_7D,2016-19,KNN,0.5564516129032258
HDFC,Label_7D,2016-19,Decision Tree,0.4798387096774194
HDFC,Label_7D,2016-19,Random Forest,0.5120967741935484
HCLTECH,Label_7D,2016-19,Logistic,0.6129032258064516
HCLTECH,Label_7D,2016-19,Naive_Bayes,0.6451612903225806
HCLTECH,Label_7D,2016-19,KNN,0.5282258064516129
HCLTECH,Label_7D,2016-19,Decision Tree,0.4879032258064516
HCLTECH,Label_7D,2016-19,Random Forest,0.5282258064516129
GRASIM,Label_7D,2016-19,Logistic,0.5967741935483871
GRASIM,Label_7D,2016-19,Naive_Bayes,0.5040322580645161
GRASIM,Label_7D,2016-19,KNN,0.5362903225806451
GRASIM,Label_7D,2016-19,Decision Tree,0.49193548387096775
GRASIM,Label_7D,2016-19,Random Forest,0.4153225806451613
EICHERMOT,Label_7D,2016-19,Logistic,0.5564516129032258
EICHERMOT,Label_7D,2016-19,Naive_Bayes,0.5282258064516129
EICHERMOT,Label_7D,2016-19,KNN,0.5120967741935484
EICHERMOT,Label_7D,2016-19,Decision Tree,0.5443548387096774
EICHERMOT,Label_7D,2016-19,Random Forest,0.4959677419354839
DRREDDY,Label_7D,2016-19,Logistic,0.4717741935483871
DRREDDY,Label_7D,2016-19,Naive_Bayes,0.5604838709677419
DRREDDY,Label_7D,2016-19,KNN,0.5282258064516129
DRREDDY,Label_7D,2016-19,Decision Tree,0.4717741935483871
DRREDDY,Label_7D,2016-19,Random Forest,0.4798387096774194
DIVISLAB,Label_7D,2016-19,Logistic,0.5483870967741935
DIVISLAB,Label_7D,2016-19,Naive_Bayes,0.5483870967741935
DIVISLAB,Label_7D,2016-19,KNN,0.5766129032258065
DIVISLAB,Label_7D,2016-19,Decision Tree,0.4032258064516129
DIVISLAB,Label_7D,2016-19,Random Forest,0.4879032258064516
COALINDIA,Label_7D,2016-19,Logistic,0.5282258064516129
COALINDIA,Label_7D,2016-19,Naive_Bayes,0.5282258064516129
COALINDIA,Label_7D,2016-19,KNN,0.5040322580645161
COALINDIA,Label_7D,2016-19,Decision Tree,0.5604838709677419
COALINDIA,Label_7D,2016-19,Random Forest,0.5564516129032258
CIPLA,Label_7D,2016-19,Logistic,0.5201612903225806
CIPLA,Label_7D,2016-19,Naive_Bayes,0.5040322580645161
CIPLA,Label_7D,2016-19,KNN,0.47580645161290325
CIPLA,Label_7D,2016-19,Decision Tree,0.47580645161290325
CIPLA,Label_7D,2016-19,Random Forest,0.45564516129032256
BRITANNIA,Label_7D,2016-19,Logistic,0.4637096774193548
BRITANNIA,Label_7D,2016-19,Naive_Bayes,0.45564516129032256
BRITANNIA,Label_7D,2016-19,KNN,0.45564516129032256
BRITANNIA,Label_7D,2016-19,Decision Tree,0.532258064516129
BRITANNIA,Label_7D,2016-19,Random Forest,0.4879032258064516
BPCL,Label_7D,2016-19,Logistic,0.45564516129032256
BPCL,Label_7D,2016-19,Naive_Bayes,0.5483870967741935
BPCL,Label_7D,2016-19,KNN,0.4798387096774194
BPCL,Label_7D,2016-19,Decision Tree,0.4596774193548387
BPCL,Label_7D,2016-19,Random Forest,0.5040322580645161
BHARTIARTL,Label_7D,2016-19,Logistic,0.5201612903225806
BHARTIARTL,Label_7D,2016-19,Naive_Bayes,0.5403225806451613
BHARTIARTL,Label_7D,2016-19,KNN,0.4435483870967742
BHARTIARTL,Label_7D,2016-19,Decision Tree,0.5
BHARTIARTL,Label_7D,2016-19,Random Forest,0.4798387096774194
BAJFINANCE,Label_7D,2016-19,Logistic,0.5443548387096774
BAJFINANCE,Label_7D,2016-19,Naive_Bayes,0.5443548387096774
BAJFINANCE,Label_7D,2016-19,KNN,0.4798387096774194
BAJFINANCE,Label_7D,2016-19,Decision Tree,0.45564516129032256
BAJFINANCE,Label_7D,2016-19,Random Forest,0.5806451612903226
BAJAJFINSV,Label_7D,2016-19,Logistic,0.6330645161290323
BAJAJFINSV,Label_7D,2016-19,Naive_Bayes,0.6048387096774194
BAJAJFINSV,Label_7D,2016-19,KNN,0.5
BAJAJFINSV,Label_7D,2016-19,Decision Tree,0.4596774193548387
BAJAJFINSV,Label_7D,2016-19,Random Forest,0.3870967741935484
BAJAJ-AUTO,Label_7D,2016-19,Logistic,0.4274193548387097
BAJAJ-AUTO,Label_7D,2016-19,Naive_Bayes,0.4838709677419355
BAJAJ-AUTO,Label_7D,2016-19,KNN,0.5483870967741935
BAJAJ-AUTO,Label_7D,2016-19,Decision Tree,0.4637096774193548
BAJAJ-AUTO,Label_7D,2016-19,Random Forest,0.5282258064516129
AXISBANK,Label_7D,2016-19,Logistic,0.5080645161290323
AXISBANK,Label_7D,2016-19,Naive_Bayes,0.5080645161290323
AXISBANK,Label_7D,2016-19,KNN,0.5766129032258065
AXISBANK,Label_7D,2016-19,Decision Tree,0.5161290322580645
AXISBANK,Label_7D,2016-19,Random Forest,0.4879032258064516
ASIANPAINT,Label_7D,2016-19,Logistic,0.5443548387096774
ASIANPAINT,Label_7D,2016-19,Naive_Bayes,0.5443548387096774
ASIANPAINT,Label_7D,2016-19,KNN,0.5766129032258065
ASIANPAINT,Label_7D,2016-19,Decision Tree,0.46774193548387094
ASIANPAINT,Label_7D,2016-19,Random Forest,0.5443548387096774
ADANIPORTS,Label_7D,2016-19,Logistic,0.592741935483871
ADANIPORTS,Label_7D,2016-19,Naive_Bayes,0.592741935483871
ADANIPORTS,Label_7D,2016-19,KNN,0.5483870967741935
ADANIPORTS,Label_7D,2016-19,Decision Tree,0.592741935483871
ADANIPORTS,Label_7D,2016-19,Random Forest,0.5887096774193549
ALL,Label_30D,2016-19,Logistic,0.5555936856554564
ALL,Label_30D,2016-19,Naive_Bayes,0.5555936856554564
ALL,Label_30D,2016-19,KNN,0.5123541523678792
ALL,Label_30D,2016-19,Decision Tree,0.4832704186684969
ALL,Label_30D,2016-19,Random Forest,0.5398078242964996
WIPRO,Label_30D,2016-19,Logistic,0.6411290322580645
WIPRO,Label_30D,2016-19,Naive_Bayes,0.6330645161290323
WIPRO,Label_30D,2016-19,KNN,0.6209677419354839
WIPRO,Label_30D,2016-19,Decision Tree,0.5161290322580645
WIPRO,Label_30D,2016-19,Random Forest,0.6008064516129032
UPL,Label_30D,2016-19,Logistic,0.5
UPL,Label_30D,2016-19,Naive_Bayes,0.657258064516129
UPL,Label_30D,2016-19,KNN,0.5362903225806451
UPL,Label_30D,2016-19,Decision Tree,0.532258064516129
UPL,Label_30D,2016-19,Random Forest,0.5201612903225806
ULTRACEMCO,Label_30D,2016-19,Logistic,0.6209677419354839
ULTRACEMCO,Label_30D,2016-19,Naive_Bayes,0.6209677419354839
ULTRACEMCO,Label_30D,2016-19,KNN,0.5362903225806451
ULTRACEMCO,Label_30D,2016-19,Decision Tree,0.6209677419354839
ULTRACEMCO,Label_30D,2016-19,Random Forest,0.40725806451612906
TITAN,Label_30D,2016-19,Logistic,0.592741935483871
TITAN,Label_30D,2016-19,Naive_Bayes,0.6008064516129032
TITAN,Label_30D,2016-19,KNN,0.5161290322580645
TITAN,Label_30D,2016-19,Decision Tree,0.4032258064516129
TITAN,Label_30D,2016-19,Random Forest,0.2661290322580645
TECHM,Label_30D,2016-19,Logistic,0.7056451612903226
TECHM,Label_30D,2016-19,Naive_Bayes,0.7056451612903226
TECHM,Label_30D,2016-19,KNN,0.625
TECHM,Label_30D,2016-19,Decision Tree,0.3024193548387097
TECHM,Label_30D,2016-19,Random Forest,0.532258064516129
TCS,Label_30D,2016-19,Logistic,0.4959677419354839
TCS,Label_30D,2016-19,Naive_Bayes,0.4959677419354839
TCS,Label_30D,2016-19,KNN,0.5403225806451613
TCS,Label_30D,2016-19,Decision Tree,0.6209677419354839
TCS,Label_30D,2016-19,Random Forest,0.5645161290322581
TATASTEEL,Label_30D,2016-19,Logistic,0.5967741935483871
TATASTEEL,Label_30D,2016-19,Naive_Bayes,0.5967741935483871
TATASTEEL,Label_30D,2016-19,KNN,0.6653225806451613
TATASTEEL,Label_30D,2016-19,Decision Tree,0.39919354838709675
TATASTEEL,Label_30D,2016-19,Random Forest,0.3951612903225806
TATAMOTORS,Label_30D,2016-19,Logistic,0.6129032258064516
TATAMOTORS,Label_30D,2016-19,Naive_Bayes,0.5443548387096774
TATAMOTORS,Label_30D,2016-19,KNN,0.5161290322580645
TATAMOTORS,Label_30D,2016-19,Decision Tree,0.45161290322580644
TATAMOTORS,Label_30D,2016-19,Random Forest,0.3790322580645161
SUNPHARMA,Label_30D,2016-19,Logistic,0.6491935483870968
SUNPHARMA,Label_30D,2016-19,Naive_Bayes,0.3629032258064516
SUNPHARMA,Label_30D,2016-19,KNN,0.4838709677419355
SUNPHARMA,Label_30D,2016-19,Decision Tree,0.4637096774193548
SUNPHARMA,Label_30D,2016-19,Random Forest,0.35080645161290325
SHREECEM,Label_30D,2016-19,Logistic,0.45161290322580644
SHREECEM,Label_30D,2016-19,Naive_Bayes,0.49193548387096775
SHREECEM,Label_30D,2016-19,KNN,0.4959677419354839
SHREECEM,Label_30D,2016-19,Decision Tree,0.3467741935483871
SHREECEM,Label_30D,2016-19,Random Forest,0.3024193548387097
SBIN,Label_30D,2016-19,Logistic,0.6653225806451613
SBIN,Label_30D,2016-19,Naive_Bayes,0.6653225806451613
SBIN,Label_30D,2016-19,KNN,0.43951612903225806
SBIN,Label_30D,2016-19,Decision Tree,0.42338709677419356
SBIN,Label_30D,2016-19,Random Forest,0.3387096774193548
RELIANCE,Label_30D,2016-19,Logistic,0.5080645161290323
RELIANCE,Label_30D,2016-19,Naive_Bayes,0.5080645161290323
RELIANCE,Label_30D,2016-19,KNN,0.5201612903225806
RELIANCE,Label_30D,2016-19,Decision Tree,0.5766129032258065
RELIANCE,Label_30D,2016-19,Random Forest,0.5241935483870968
POWERGRID,Label_30D,2016-19,Logistic,0.28225806451612906
POWERGRID,Label_30D,2016-19,Naive_Bayes,0.5725806451612904
POWERGRID,Label_30D,2016-19,KNN,0.4032258064516129
POWERGRID,Label_30D,2016-19,Decision Tree,0.46774193548387094
POWERGRID,Label_30D,2016-19,Random Forest,0.4838709677419355
ONGC,Label_30D,2016-19,Logistic,0.43951612903225806
ONGC,Label_30D,2016-19,Naive_Bayes,0.43951612903225806
ONGC,Label_30D,2016-19,KNN,0.4879032258064516
ONGC,Label_30D,2016-19,Decision Tree,0.5201612903225806
ONGC,Label_30D,2016-19,Random Forest,0.4475806451612903
NTPC,Label_30D,2016-19,Logistic,0.3346774193548387
NTPC,Label_30D,2016-19,Naive_Bayes,0.3709677419354839
NTPC,Label_30D,2016-19,KNN,0.3548387096774194
NTPC,Label_30D,2016-19,Decision Tree,0.41935483870967744
NTPC,Label_30D,2016-19,Random Forest,0.34274193548387094
NESTLEIND,Label_30D,2016-19,Logistic,0.5241935483870968
NESTLEIND,Label_30D,2016-19,Naive_Bayes,0.5241935483870968
NESTLEIND,Label_30D,2016-19,KNN,0.49193548387096775
NESTLEIND,Label_30D,2016-19,Decision Tree,0.5201612903225806
NESTLEIND,Label_30D,2016-19,Random Forest,0.5282258064516129
MARUTI,Label_30D,2016-19,Logistic,0.3790322580645161
MARUTI,Label_30D,2016-19,Naive_Bayes,0.3790322580645161
MARUTI,Label_30D,2016-19,KNN,0.3911290322580645
MARUTI,Label_30D,2016-19,Decision Tree,0.5524193548387096
MARUTI,Label_30D,2016-19,Random Forest,0.6169354838709677
M&M,Label_30D,2016-19,Logistic,0.5443548387096774
M&M,Label_30D,2016-19,Naive_Bayes,0.4475806451612903
M&M,Label_30D,2016-19,KNN,0.4637096774193548
M&M,Label_30D,2016-19,Decision Tree,0.5
M&M,Label_30D,2016-19,Random Forest,0.4798387096774194
LT,Label_30D,2016-19,Logistic,0.6612903225806451
LT,Label_30D,2016-19,Naive_Bayes,0.6612903225806451
LT,Label_30D,2016-19,KNN,0.5362903225806451
LT,Label_30D,2016-19,Decision Tree,0.4596774193548387
LT,Label_30D,2016-19,Random Forest,0.38306451612903225
KOTAKBANK,Label_30D,2016-19,Logistic,0.3911290322580645
KOTAKBANK,Label_30D,2016-19,Naive_Bayes,0.5887096774193549
KOTAKBANK,Label_30D,2016-19,KNN,0.43951612903225806
KOTAKBANK,Label_30D,2016-19,Decision Tree,0.5120967741935484
KOTAKBANK,Label_30D,2016-19,Random Forest,0.5766129032258065
JSWSTEEL,Label_30D,2016-19,Logistic,0.5887096774193549
JSWSTEEL,Label_30D,2016-19,Naive_Bayes,0.5887096774193549
JSWSTEEL,Label_30D,2016-19,KNN,0.5201612903225806
JSWSTEEL,Label_30D,2016-19,Decision Tree,0.43951612903225806
JSWSTEEL,Label_30D,2016-19,Random Forest,0.3629032258064516
ITC,Label_30D,2016-19,Logistic,0.42338709677419356
ITC,Label_30D,2016-19,Naive_Bayes,0.625
ITC,Label_30D,2016-19,KNN,0.4596774193548387
ITC,Label_30D,2016-19,Decision Tree,0.49193548387096775
ITC,Label_30D,2016-19,Random Forest,0.4475806451612903
IOC,Label_30D,2016-19,Logistic,0.42338709677419356
IOC,Label_30D,2016-19,Naive_Bayes,0.6129032258064516
IOC,Label_30D,2016-19,KNN,0.45564516129032256
IOC,Label_30D,2016-19,Decision Tree,0.41935483870967744
IOC,Label_30D,2016-19,Random Forest,0.42338709677419356
INFY,Label_30D,2016-19,Logistic,0.6612903225806451
INFY,Label_30D,2016-19,Naive_Bayes,0.6612903225806451
INFY,Label_30D,2016-19,KNN,0.625
INFY,Label_30D,2016-19,Decision Tree,0.29838709677419356
INFY,Label_30D,2016-19,Random Forest,0.4637096774193548
INDUSINDBK,Label_30D,2016-19,Logistic,0.6048387096774194
INDUSINDBK,Label_30D,2016-19,Naive_Bayes,0.6048387096774194
INDUSINDBK,Label_30D,2016-19,KNN,0.4798387096774194
INDUSINDBK,Label_30D,2016-19,Decision Tree,0.5120967741935484
INDUSINDBK,Label_30D,2016-19,Random Forest,0.592741935483871
ICICIBANK,Label_30D,2016-19,Logistic,0.6209677419354839
ICICIBANK,Label_30D,2016-19,Naive_Bayes,0.6209677419354839
ICICIBANK,Label_30D,2016-19,KNN,0.5080645161290323
ICICIBANK,Label_30D,2016-19,Decision Tree,0.4032258064516129
ICICIBANK,Label_30D,2016-19,Random Forest,0.3064516129032258
HINDUNILVR,Label_30D,2016-19,Logistic,0.4112903225806452
HINDUNILVR,Label_30D,2016-19,Naive_Bayes,0.5645161290322581
HINDUNILVR,Label_30D,2016-19,KNN,0.5120967741935484
HINDUNILVR,Label_30D,2016-19,Decision Tree,0.4032258064516129
HINDUNILVR,Label_30D,2016-19,Random Forest,0.6451612903225806
HINDALCO,Label_30D,2016-19,Logistic,0.657258064516129
HINDALCO,Label_30D,2016-19,Naive_Bayes,0.657258064516129
HINDALCO,Label_30D,2016-19,KNN,0.4798387096774194
HINDALCO,Label_30D,2016-19,Decision Tree,0.3548387096774194
HINDALCO,Label_30D,2016-19,Random Forest,0.35080645161290325
HEROMOTOCO,Label_30D,2016-19,Logistic,0.29838709677419356
HEROMOTOCO,Label_30D,2016-19,Naive_Bayes,0.5967741935483871
HEROMOTOCO,Label_30D,2016-19,KNN,0.5161290322580645
HEROMOTOCO,Label_30D,2016-19,Decision Tree,0.45161290322580644
HEROMOTOCO,Label_30D,2016-19,Random Forest,0.5080645161290323
HDFCBANK,Label_30D,2016-19,Logistic,0.5846774193548387
HDFCBANK,Label_30D,2016-19,Naive_Bayes,0.5806451612903226
HDFCBANK,Label_30D,2016-19,KNN,0.47580645161290325
HDFCBANK,Label_30D,2016-19,Decision Tree,0.5725806451612904
HDFCBANK,Label_30D,2016-19,Random Forest,0.4637096774193548
HDFC,Label_30D,2016-19,Logistic,0.4637096774193548
HDFC,Label_30D,2016-19,Naive_Bayes,0.4637096774193548
HDFC,Label_30D,2016-19,KNN,0.43548387096774194
HDFC,Label_30D,2016-19,Decision Tree,0.5524193548387096
HDFC,Label_30D,2016-19,Random Forest,0.4153225806451613
HCLTECH,Label_30D,2016-19,Logistic,0.6491935483870968
HCLTECH,Label_30D,2016-19,Naive_Bayes,0.6693548387096774
HCLTECH,Label_30D,2016-19,KNN,0.5685483870967742
HCLTECH,Label_30D,2016-19,Decision Tree,0.46774193548387094
HCLTECH,Label_30D,2016-19,Random Forest,0.592741935483871
GRASIM,Label_30D,2016-19,Logistic,0.657258064516129
GRASIM,Label_30D,2016-19,Naive_Bayes,0.5645161290322581
GRASIM,Label_30D,2016-19,KNN,0.5645161290322581
GRASIM,Label_30D,2016-19,Decision Tree,0.375
GRASIM,Label_30D,2016-19,Random Forest,0.39919354838709675
EICHERMOT,Label_30D,2016-19,Logistic,0.4475806451612903
EICHERMOT,Label_30D,2016-19,Naive_Bayes,0.4475806451612903
EICHERMOT,Label_30D,2016-19,KNN,0.5040322580645161
EICHERMOT,Label_30D,2016-19,Decision Tree,0.6290322580645161
EICHERMOT,Label_30D,2016-19,Random Forest,0.6008064516129032
DRREDDY,Label_30D,2016-19,Logistic,0.4153225806451613
DRREDDY,Label_30D,2016-19,Naive_Bayes,0.40725806451612906
DRREDDY,Label_30D,2016-19,KNN,0.4959677419354839
DRREDDY,Label_30D,2016-19,Decision Tree,0.6854838709677419
DRREDDY,Label_30D,2016-19,Random Forest,0.4959677419354839
DIVISLAB,Label_30D,2016-19,Logistic,0.5725806451612904
DIVISLAB,Label_30D,2016-19,Naive_Bayes,0.5725806451612904
DIVISLAB,Label_30D,2016-19,KNN,0.5564516129032258
DIVISLAB,Label_30D,2016-19,Decision Tree,0.3467741935483871
DIVISLAB,Label_30D,2016-19,Random Forest,0.42338709677419356
COALINDIA,Label_30D,2016-19,Logistic,0.4717741935483871
COALINDIA,Label_30D,2016-19,Naive_Bayes,0.375
COALINDIA,Label_30D,2016-19,KNN,0.46774193548387094
COALINDIA,Label_30D,2016-19,Decision Tree,0.5524193548387096
COALINDIA,Label_30D,2016-19,Random Forest,0.5201612903225806
CIPLA,Label_30D,2016-19,Logistic,0.43951612903225806
CIPLA,Label_30D,2016-19,Naive_Bayes,0.5967741935483871
CIPLA,Label_30D,2016-19,KNN,0.5725806451612904
CIPLA,Label_30D,2016-19,Decision Tree,0.36693548387096775
CIPLA,Label_30D,2016-19,Random Forest,0.5685483870967742
BRITANNIA,Label_30D,2016-19,Logistic,0.3629032258064516
BRITANNIA,Label_30D,2016-19,Naive_Bayes,0.35080645161290325
BRITANNIA,Label_30D,2016-19,KNN,0.5443548387096774
BRITANNIA,Label_30D,2016-19,Decision Tree,0.6653225806451613
BRITANNIA,Label_30D,2016-19,Random Forest,0.6532258064516129
BPCL,Label_30D,2016-19,Logistic,0.4798387096774194
BPCL,Label_30D,2016-19,Naive_Bayes,0.43951612903225806
BPCL,Label_30D,2016-19,KNN,0.43548387096774194
BPCL,Label_30D,2016-19,Decision Tree,0.5806451612903226
BPCL,Label_30D,2016-19,Random Forest,0.49193548387096775
BHARTIARTL,Label_30D,2016-19,Logistic,0.5161290322580645
BHARTIARTL,Label_30D,2016-19,Naive_Bayes,0.5161290322580645
BHARTIARTL,Label_30D,2016-19,KNN,0.4435483870967742
BHARTIARTL,Label_30D,2016-19,Decision Tree,0.38306451612903225
BHARTIARTL,Label_30D,2016-19,Random Forest,0.3911290322580645
BAJFINANCE,Label_30D,2016-19,Logistic,0.6088709677419355
BAJFINANCE,Label_30D,2016-19,Naive_Bayes,0.6088709677419355
BAJFINANCE,Label_30D,2016-19,KNN,0.5725806451612904
BAJFINANCE,Label_30D,2016-19,Decision Tree,0.25
BAJFINANCE,Label_30D,2016-19,Random Forest,0.3387096774193548
BAJAJFINSV,Label_30D,2016-19,Logistic,0.657258064516129
BAJAJFINSV,Label_30D,2016-19,Naive_Bayes,0.657258064516129
BAJAJFINSV,Label_30D,2016-19,KNN,0.5362903225806451
BAJAJFINSV,Label_30D,2016-19,Decision Tree,0.3548387096774194
BAJAJFINSV,Label_30D,2016-19,Random Forest,0.1975806451612903
BAJAJ-AUTO,Label_30D,2016-19,Logistic,0.36693548387096775
BAJAJ-AUTO,Label_30D,2016-19,Naive_Bayes,0.36693548387096775
BAJAJ-AUTO,Label_30D,2016-19,KNN,0.47580645161290325
BAJAJ-AUTO,Label_30D,2016-19,Decision Tree,0.4637096774193548
BAJAJ-AUTO,Label_30D,2016-19,Random Forest,0.532258064516129
AXISBANK,Label_30D,2016-19,Logistic,0.6088709677419355
AXISBANK,Label_30D,2016-19,Naive_Bayes,0.6088709677419355
AXISBANK,Label_30D,2016-19,KNN,0.5241935483870968
AXISBANK,Label_30D,2016-19,Decision Tree,0.5564516129032258
AXISBANK,Label_30D,2016-19,Random Forest,0.592741935483871
ASIANPAINT,Label_30D,2016-19,Logistic,0.5887096774193549
ASIANPAINT,Label_30D,2016-19,Naive_Bayes,0.5887096774193549
ASIANPAINT,Label_30D,2016-19,KNN,0.5846774193548387
ASIANPAINT,Label_30D,2016-19,Decision Tree,0.4838709677419355
ASIANPAINT,Label_30D,2016-19,Random Forest,0.47580645161290325
ADANIPORTS,Label_30D,2016-19,Logistic,0.6451612903225806
ADANIPORTS,Label_30D,2016-19,Naive_Bayes,0.6451612903225806
ADANIPORTS,Label_30D,2016-19,KNN,0.5564516129032258
ADANIPORTS,Label_30D,2016-19,Decision Tree,0.5241935483870968
ADANIPORTS,Label_30D,2016-19,Random Forest,0.5524193548387096
ALL,Label_90D,2016-19,Logistic,0.6158201784488675
ALL,Label_90D,2016-19,Naive_Bayes,0.6158201784488675
ALL,Label_90D,2016-19,KNN,0.5439258750857927
ALL,Label_90D,2016-19,Decision Tree,0.540751544269046
ALL,Label_90D,2016-19,Random Forest,0.5458133150308854
WIPRO,Label_90D,2016-19,Logistic,0.6370967741935484
WIPRO,Label_90D,2016-19,Naive_Bayes,0.6088709677419355
WIPRO,Label_90D,2016-19,KNN,0.5685483870967742
WIPRO,Label_90D,2016-19,Decision Tree,0.47580645161290325
WIPRO,Label_90D,2016-19,Random Forest,0.4959677419354839
UPL,Label_90D,2016-19,Logistic,0.40725806451612906
UPL,Label_90D,2016-19,Naive_Bayes,0.717741935483871
UPL,Label_90D,2016-19,KNN,0.4717741935483871
UPL,Label_90D,2016-19,Decision Tree,0.42338709677419356
UPL,Label_90D,2016-19,Random Forest,0.3709677419354839
ULTRACEMCO,Label_90D,2016-19,Logistic,0.5483870967741935
ULTRACEMCO,Label_90D,2016-19,Naive_Bayes,0.5483870967741935
ULTRACEMCO,Label_90D,2016-19,KNN,0.5766129032258065
ULTRACEMCO,Label_90D,2016-19,Decision Tree,0.14516129032258066
ULTRACEMCO,Label_90D,2016-19,Random Forest,0.2903225806451613
TITAN,Label_90D,2016-19,Logistic,0.6129032258064516
TITAN,Label_90D,2016-19,Naive_Bayes,0.6209677419354839
TITAN,Label_90D,2016-19,KNN,0.5282258064516129
TITAN,Label_90D,2016-19,Decision Tree,0.42338709677419356
TITAN,Label_90D,2016-19,Random Forest,0.3790322580645161
TECHM,Label_90D,2016-19,Logistic,0.9475806451612904
TECHM,Label_90D,2016-19,Naive_Bayes,0.9475806451612904
TECHM,Label_90D,2016-19,KNN,0.7862903225806451
TECHM,Label_90D,2016-19,Decision Tree,0.05241935483870968
TECHM,Label_90D,2016-19,Random Forest,0.5
TCS,Label_90D,2016-19,Logistic,0.5846774193548387
TCS,Label_90D,2016-19,Naive_Bayes,0.5645161290322581
TCS,Label_90D,2016-19,KNN,0.5
TCS,Label_90D,2016-19,Decision Tree,0.5806451612903226
TCS,Label_90D,2016-19,Random Forest,0.3951612903225806
TATASTEEL,Label_90D,2016-19,Logistic,0.5120967741935484
TATASTEEL,Label_90D,2016-19,Naive_Bayes,0.5120967741935484
TATASTEEL,Label_90D,2016-19,KNN,0.5120967741935484
TATASTEEL,Label_90D,2016-19,Decision Tree,0.31451612903225806
TATASTEEL,Label_90D,2016-19,Random Forest,0.3951612903225806
TATAMOTORS,Label_90D,2016-19,Logistic,0.1814516129032258
TATAMOTORS,Label_90D,2016-19,Naive_Bayes,0.5967741935483871
TATAMOTORS,Label_90D,2016-19,KNN,0.5040322580645161
TATAMOTORS,Label_90D,2016-19,Decision Tree,0.3790322580645161
TATAMOTORS,Label_90D,2016-19,Random Forest,0.32661290322580644
SUNPHARMA,Label_90D,2016-19,Logistic,0.7540322580645161
SUNPHARMA,Label_90D,2016-19,Naive_Bayes,0.3467741935483871
SUNPHARMA,Label_90D,2016-19,KNN,0.5040322580645161
SUNPHARMA,Label_90D,2016-19,Decision Tree,0.7540322580645161
SUNPHARMA,Label_90D,2016-19,Random Forest,0.7540322580645161
SHREECEM,Label_90D,2016-19,Logistic,0.3951612903225806
SHREECEM,Label_90D,2016-19,Naive_Bayes,0.5161290322580645
SHREECEM,Label_90D,2016-19,KNN,0.5
SHREECEM,Label_90D,2016-19,Decision Tree,0.4959677419354839
SHREECEM,Label_90D,2016-19,Random Forest,0.35080645161290325
SBIN,Label_90D,2016-19,Logistic,0.9959677419354839
SBIN,Label_90D,2016-19,Naive_Bayes,0.7137096774193549
SBIN,Label_90D,2016-19,KNN,0.5645161290322581
SBIN,Label_90D,2016-19,Decision Tree,0.08064516129032258
SBIN,Label_90D,2016-19,Random Forest,0.05241935483870968
RELIANCE,Label_90D,2016-19,Logistic,0.5967741935483871
RELIANCE,Label_90D,2016-19,Naive_Bayes,0.5685483870967742
RELIANCE,Label_90D,2016-19,KNN,0.5403225806451613
RELIANCE,Label_90D,2016-19,Decision Tree,0.5524193548387096
RELIANCE,Label_90D,2016-19,Random Forest,0.6975806451612904
POWERGRID,Label_90D,2016-19,Logistic,0.6209677419354839
POWERGRID,Label_90D,2016-19,Naive_Bayes,0.5443548387096774
POWERGRID,Label_90D,2016-19,KNN,0.5362903225806451
POWERGRID,Label_90D,2016-19,Decision Tree,0.7298387096774194
POWERGRID,Label_90D,2016-19,Random Forest,0.717741935483871
ONGC,Label_90D,2016-19,Logistic,0.3911290322580645
ONGC,Label_90D,2016-19,Naive_Bayes,0.42338709677419356
ONGC,Label_90D,2016-19,KNN,0.43548387096774194
ONGC,Label_90D,2016-19,Decision Tree,0.2056451612903226
ONGC,Label_90D,2016-19,Random Forest,0.3387096774193548
NTPC,Label_90D,2016-19,Logistic,0.0
NTPC,Label_90D,2016-19,Naive_Bayes,0.13306451612903225
NTPC,Label_90D,2016-19,KNN,0.15725806451612903
NTPC,Label_90D,2016-19,Decision Tree,0.16532258064516128
NTPC,Label_90D,2016-19,Random Forest,0.004032258064516129
NESTLEIND,Label_90D,2016-19,Logistic,0.5645161290322581
NESTLEIND,Label_90D,2016-19,Naive_Bayes,0.5443548387096774
NESTLEIND,Label_90D,2016-19,KNN,0.5
NESTLEIND,Label_90D,2016-19,Decision Tree,0.5443548387096774
NESTLEIND,Label_90D,2016-19,Random Forest,0.7056451612903226
MARUTI,Label_90D,2016-19,Logistic,0.43548387096774194
MARUTI,Label_90D,2016-19,Naive_Bayes,0.43548387096774194
MARUTI,Label_90D,2016-19,KNN,0.5443548387096774
MARUTI,Label_90D,2016-19,Decision Tree,0.5887096774193549
MARUTI,Label_90D,2016-19,Random Forest,0.6330645161290323
M&M,Label_90D,2016-19,Logistic,0.7137096774193549
M&M,Label_90D,2016-19,Naive_Bayes,0.3185483870967742
M&M,Label_90D,2016-19,KNN,0.45161290322580644
M&M,Label_90D,2016-19,Decision Tree,0.7459677419354839
M&M,Label_90D,2016-19,Random Forest,0.7137096774193549
LT,Label_90D,2016-19,Logistic,0.5766129032258065
LT,Label_90D,2016-19,Naive_Bayes,0.5080645161290323
LT,Label_90D,2016-19,KNN,0.4838709677419355
LT,Label_90D,2016-19,Decision Tree,0.49193548387096775
LT,Label_90D,2016-19,Random Forest,0.4274193548387097
KOTAKBANK,Label_90D,2016-19,Logistic,0.35080645161290325
KOTAKBANK,Label_90D,2016-19,Naive_Bayes,0.3870967741935484
KOTAKBANK,Label_90D,2016-19,KNN,0.38306451612903225
KOTAKBANK,Label_90D,2016-19,Decision Tree,0.5725806451612904
KOTAKBANK,Label_90D,2016-19,Random Forest,0.6451612903225806
JSWSTEEL,Label_90D,2016-19,Logistic,0.7056451612903226
JSWSTEEL,Label_90D,2016-19,Naive_Bayes,0.625
JSWSTEEL,Label_90D,2016-19,KNN,0.4959677419354839
JSWSTEEL,Label_90D,2016-19,Decision Tree,0.4717741935483871
JSWSTEEL,Label_90D,2016-19,Random Forest,0.5040322580645161
ITC,Label_90D,2016-19,Logistic,0.21370967741935484
ITC,Label_90D,2016-19,Naive_Bayes,0.5846774193548387
ITC,Label_90D,2016-19,KNN,0.2903225806451613
ITC,Label_90D,2016-19,Decision Tree,0.23387096774193547
ITC,Label_90D,2016-19,Random Forest,0.21370967741935484
IOC,Label_90D,2016-19,Logistic,0.0
IOC,Label_90D,2016-19,Naive_Bayes,0.6290322580645161
IOC,Label_90D,2016-19,KNN,0.11290322580645161
IOC,Label_90D,2016-19,Decision Tree,0.3064516129032258
IOC,Label_90D,2016-19,Random Forest,0.016129032258064516
INFY,Label_90D,2016-19,Logistic,0.6370967741935484
INFY,Label_90D,2016-19,Naive_Bayes,0.5443548387096774
INFY,Label_90D,2016-19,KNN,0.6008064516129032
INFY,Label_90D,2016-19,Decision Tree,0.3629032258064516
INFY,Label_90D,2016-19,Random Forest,0.3790322580645161
INDUSINDBK,Label_90D,2016-19,Logistic,0.7459677419354839
INDUSINDBK,Label_90D,2016-19,Naive_Bayes,0.7459677419354839
INDUSINDBK,Label_90D,2016-19,KNN,0.46774193548387094
INDUSINDBK,Label_90D,2016-19,Decision Tree,0.2782258064516129
INDUSINDBK,Label_90D,2016-19,Random Forest,0.3548387096774194
ICICIBANK,Label_90D,2016-19,Logistic,0.6088709677419355
ICICIBANK,Label_90D,2016-19,Naive_Bayes,0.5967741935483871
ICICIBANK,Label_90D,2016-19,KNN,0.6008064516129032
ICICIBANK,Label_90D,2016-19,Decision Tree,0.29838709677419356
ICICIBANK,Label_90D,2016-19,Random Forest,0.3790322580645161
HINDUNILVR,Label_90D,2016-19,Logistic,0.4032258064516129
HINDUNILVR,Label_90D,2016-19,Naive_Bayes,0.4032258064516129
HINDUNILVR,Label_90D,2016-19,KNN,0.4032258064516129
HINDUNILVR,Label_90D,2016-19,Decision Tree,0.5483870967741935
HINDUNILVR,Label_90D,2016-19,Random Forest,0.2540322580645161
HINDALCO,Label_90D,2016-19,Logistic,0.6330645161290323
HINDALCO,Label_90D,2016-19,Naive_Bayes,0.6330645161290323
HINDALCO,Label_90D,2016-19,KNN,0.6169354838709677
HINDALCO,Label_90D,2016-19,Decision Tree,0.592741935483871
HINDALCO,Label_90D,2016-19,Random Forest,0.5
HEROMOTOCO,Label_90D,2016-19,Logistic,0.04032258064516129
HEROMOTOCO,Label_90D,2016-19,Naive_Bayes,0.782258064516129
HEROMOTOCO,Label_90D,2016-19,KNN,0.6532258064516129
HEROMOTOCO,Label_90D,2016-19,Decision Tree,0.45161290322580644
HEROMOTOCO,Label_90D,2016-19,Random Forest,0.6330645161290323
HDFCBANK,Label_90D,2016-19,Logistic,0.782258064516129
HDFCBANK,Label_90D,2016-19,Naive_Bayes,0.782258064516129
HDFCBANK,Label_90D,2016-19,KNN,0.46774193548387094
HDFCBANK,Label_90D,2016-19,Decision Tree,0.29838709677419356
HDFCBANK,Label_90D,2016-19,Random Forest,0.38306451612903225
HDFC,Label_90D,2016-19,Logistic,0.3911290322580645
HDFC,Label_90D,2016-19,Naive_Bayes,0.3911290322580645
HDFC,Label_90D,2016-19,KNN,0.43951612903225806
HDFC,Label_90D,2016-19,Decision Tree,0.4274193548387097
HDFC,Label_90D,2016-19,Random Forest,0.6088709677419355
HCLTECH,Label_90D,2016-19,Logistic,0.9233870967741935
HCLTECH,Label_90D,2016-19,Naive_Bayes,0.8387096774193549
HCLTECH,Label_90D,2016-19,KNN,0.8064516129032258
HCLTECH,Label_90D,2016-19,Decision Tree,0.4153225806451613
HCLTECH,Label_90D,2016-19,Random Forest,0.4596774193548387
GRASIM,Label_90D,2016-19,Logistic,0.6370967741935484
GRASIM,Label_90D,2016-19,Naive_Bayes,0.5241935483870968
GRASIM,Label_90D,2016-19,KNN,0.6088709677419355
GRASIM,Label_90D,2016-19,Decision Tree,0.6370967741935484
GRASIM,Label_90D,2016-19,Random Forest,0.3225806451612903
EICHERMOT,Label_90D,2016-19,Logistic,0.5
EICHERMOT,Label_90D,2016-19,Naive_Bayes,0.5362903225806451
EICHERMOT,Label_90D,2016-19,KNN,0.49193548387096775
EICHERMOT,Label_90D,2016-19,Decision Tree,0.4314516129032258
EICHERMOT,Label_90D,2016-19,Random Forest,0.47580645161290325
DRREDDY,Label_90D,2016-19,Logistic,0.25
DRREDDY,Label_90D,2016-19,Naive_Bayes,0.2661290322580645
DRREDDY,Label_90D,2016-19,KNN,0.3588709677419355
DRREDDY,Label_90D,2016-19,Decision Tree,0.4879032258064516
DRREDDY,Label_90D,2016-19,Random Forest,0.35080645161290325
DIVISLAB,Label_90D,2016-19,Logistic,0.45161290322580644
DIVISLAB,Label_90D,2016-19,Naive_Bayes,0.5483870967741935
DIVISLAB,Label_90D,2016-19,KNN,0.5483870967741935
DIVISLAB,Label_90D,2016-19,Decision Tree,0.5483870967741935
DIVISLAB,Label_90D,2016-19,Random Forest,0.5483870967741935
COALINDIA,Label_90D,2016-19,Logistic,0.07258064516129033
COALINDIA,Label_90D,2016-19,Naive_Bayes,0.07258064516129033
COALINDIA,Label_90D,2016-19,KNN,0.15725806451612903
COALINDIA,Label_90D,2016-19,Decision Tree,0.22580645161290322
COALINDIA,Label_90D,2016-19,Random Forest,0.08064516129032258
CIPLA,Label_90D,2016-19,Logistic,0.4112903225806452
CIPLA,Label_90D,2016-19,Naive_Bayes,0.7338709677419355
CIPLA,Label_90D,2016-19,KNN,0.5645161290322581
CIPLA,Label_90D,2016-19,Decision Tree,0.4032258064516129
CIPLA,Label_90D,2016-19,Random Forest,0.4112903225806452
BRITANNIA,Label_90D,2016-19,Logistic,0.4314516129032258
BRITANNIA,Label_90D,2016-19,Naive_Bayes,0.4274193548387097
BRITANNIA,Label_90D,2016-19,KNN,0.5282258064516129
BRITANNIA,Label_90D,2016-19,Decision Tree,0.6653225806451613
BRITANNIA,Label_90D,2016-19,Random Forest,0.7580645161290323
BPCL,Label_90D,2016-19,Logistic,0.32661290322580644
BPCL,Label_90D,2016-19,Naive_Bayes,0.32661290322580644
BPCL,Label_90D,2016-19,KNN,0.3951612903225806
BPCL,Label_90D,2016-19,Decision Tree,0.5403225806451613
BPCL,Label_90D,2016-19,Random Forest,0.43548387096774194
BHARTIARTL,Label_90D,2016-19,Logistic,0.5
BHARTIARTL,Label_90D,2016-19,Naive_Bayes,0.5
BHARTIARTL,Label_90D,2016-19,KNN,0.5241935483870968
BHARTIARTL,Label_90D,2016-19,Decision Tree,0.5241935483870968
BHARTIARTL,Label_90D,2016-19,Random Forest,0.6854838709677419
BAJFINANCE,Label_90D,2016-19,Logistic,0.3629032258064516
BAJFINANCE,Label_90D,2016-19,Naive_Bayes,0.6370967741935484
BAJFINANCE,Label_90D,2016-19,KNN,0.6774193548387096
BAJFINANCE,Label_90D,2016-19,Decision Tree,0.4798387096774194
BAJFINANCE,Label_90D,2016-19,Random Forest,0.45564516129032256
BAJAJFINSV,Label_90D,2016-19,Logistic,0.6370967741935484
BAJAJFINSV,Label_90D,2016-19,Naive_Bayes,0.6370967741935484
BAJAJFINSV,Label_90D,2016-19,KNN,0.6290322580645161
BAJAJFINSV,Label_90D,2016-19,Decision Tree,0.3629032258064516
BAJAJFINSV,Label_90D,2016-19,Random Forest,0.3629032258064516
BAJAJ-AUTO,Label_90D,2016-19,Logistic,0.2782258064516129
BAJAJ-AUTO,Label_90D,2016-19,Naive_Bayes,0.2782258064516129
BAJAJ-AUTO,Label_90D,2016-19,KNN,0.4717741935483871
BAJAJ-AUTO,Label_90D,2016-19,Decision Tree,0.2620967741935484
BAJAJ-AUTO,Label_90D,2016-19,Random Forest,0.3548387096774194
AXISBANK,Label_90D,2016-19,Logistic,0.7862903225806451
AXISBANK,Label_90D,2016-19,Naive_Bayes,0.7862903225806451
AXISBANK,Label_90D,2016-19,KNN,0.6693548387096774
AXISBANK,Label_90D,2016-19,Decision Tree,0.4112903225806452
AXISBANK,Label_90D,2016-19,Random Forest,0.532258064516129
ASIANPAINT,Label_90D,2016-19,Logistic,0.625
ASIANPAINT,Label_90D,2016-19,Naive_Bayes,0.625
ASIANPAINT,Label_90D,2016-19,KNN,0.6169354838709677
ASIANPAINT,Label_90D,2016-19,Decision Tree,0.3790322580645161
ASIANPAINT,Label_90D,2016-19,Random Forest,0.4717741935483871
ADANIPORTS,Label_90D,2016-19,Logistic,0.7620967741935484
ADANIPORTS,Label_90D,2016-19,Naive_Bayes,0.7620967741935484
ADANIPORTS,Label_90D,2016-19,KNN,0.6854838709677419
ADANIPORTS,Label_90D,2016-19,Decision Tree,0.6693548387096774
ADANIPORTS,Label_90D,2016-19,Random Forest,0.7137096774193549
